profesor,dep,num_reviews,rating,enlace
"- AMLO 2018, nuestro precidente",chingonerias,78,6.2,https://www.misprofesores.com/profesores/Paola-Eunice-..._74323
"..., Paola Eunice",psicología social,8,10.0,https://www.misprofesores.com/profesores/88-AH-18_160198
"45675094, Rodolfo Márquez 4 567 5094",Rm0872926@gmail.com,1,10.0,https://www.misprofesores.com/profesores/Tere-A.-Mason_172910
"A. Mason, Tere",Psicología/CCC,3,6.7,https://www.misprofesores.com/profesores/Leticia-Abrego-Gonzalez_45714
"Abrego González, Leticia",Psicología Clínica,14,3.6,https://www.misprofesores.com/profesores/Samuel-Acosta-Galvan_127536
"Acosta Galván, Samuel",clínica,18,7.3,https://www.misprofesores.com/profesores/Berenice-Acosta_144997
"Acuña, Laura",Estadistica,27,6.2,https://www.misprofesores.com/profesores/Alejandra-Aguayo_64512
"Aguayo, Alejandra",,13,7.2,https://www.misprofesores.com/profesores/Andrea-Aguilar-Arredondo_79783
"Aguilar Arredondo, Andrea",psicología,1,9.0,https://www.misprofesores.com/profesores/Jesus-Aguilar-Nery_78850
"Aguilar Nery, Jesús",Psicología de la Educación,1,9.0,https://www.misprofesores.com/profesores/UNIBERCIDAD.AUTONOMA-DE MEXICO-Aguilar-Ribera_137190
"Aguilar Ribera, UNIBERCIDAD.AUTÓNOMA DE MEXICO",Piciocologuia,1,10.0,https://www.misprofesores.com/profesores/John-Akerman_170496
"ALANIS, MARIA TERESA",,9,6.7,https://www.misprofesores.com/profesores/javier-alatorre-rico_32238
"alatorre rico, javier",psicologia/ educativa,89,5.4,https://www.misprofesores.com/profesores/Carlos-Alburquerque_26672
"Alburquerque, Carlos",,88,7.3,https://www.misprofesores.com/profesores/Veronica-Ma. del Consuelo-Alcala-Herrera_19932
"Alcalá Herrera, Verónica Ma. del Consuelo",Psicofisiología,114,5.3,https://www.misprofesores.com/profesores/Alejandra-Alejandra_76161
"Almaguer Azpeitia, Mariel",CCC,14,9.3,https://www.misprofesores.com/profesores/Carol-Almaguer-Salcido_163918
"Almaguer Salcido, Carol",Psicologia,1,5.0,https://www.misprofesores.com/profesores/Carol-Almaguer_164001
"Almaguer, Carol",Administracion,1,3.0,https://www.misprofesores.com/profesores/Carla-Ailed-Almazan-Rojas_160860
"Almazán Rojas, Carla Ailed",Psicología Clínica,4,6.3,https://www.misprofesores.com/profesores/Adriana-Ixel-Alonso-Orozco_124015
"Alonso Orozco, Adriana Ixel",Contextual,16,9.8,https://www.misprofesores.com/profesores/Elda-Alicia-Alva-Canto_75325
"Alva Canto, Elda Alicia",Contextual,1,2.0,https://www.misprofesores.com/profesores/Roberto-Alvarado-Tenorio_31563
"Alvarado Tenorio, Roberto",SUA Psicología,5,9.8,https://www.misprofesores.com/profesores/Jorge-Alvarez-Martinez_113601
"Alvarez Martinez, Jorge",aproximación al proceso salud-enfermedad,9,6.3,https://www.misprofesores.com/profesores/German-Alvarez_150405
"Alvarez, German",Facultad de Psicología,1,8.0,https://www.misprofesores.com/profesores/David-Amaya-Mora_56656
"Amaya Mora, David",clinica,14,8.2,https://www.misprofesores.com/profesores/Amada-Ampudia_25227
"Ampudia, Amada",Clínica,75,6.5,https://www.misprofesores.com/profesores/Patricia-Andrade-palos_137280
"Anguiano Sánchez, Alfredo",Neuro,2,10.0,https://www.misprofesores.com/profesores/alan-antonio-correa_117753
"Arce Velasco, Oscar Javier",Psicología Educativa,1,10.0,https://www.misprofesores.com/profesores/Consuelo-Arce_137090
"Arenas, Paulina",Psicodiagnostico,29,8.0,https://www.misprofesores.com/profesores/Mario-Alberto-Arias-Garcia_171803
"Arias Garcia, Mario Alberto",Neurociencias,1,10.0,https://www.misprofesores.com/profesores/Mario-Alberto-Arias-Garcia_108453
"Arias García, Mario Alberto",Facultad de Psicología,18,9.4,https://www.misprofesores.com/profesores/Natalia-Arias-Trejo_71800
"Arias Trejo, Natalia",conocimiento de frontera I,6,6.3,https://www.misprofesores.com/profesores/Carolina-Armenta-Hurtarte_108423
"Armenta Hurtarte, Carolina",Psicología Social,14,8.9,https://www.misprofesores.com/profesores/Celina-Arredondo_137651
"Arroyo, Monserrat",CCC,3,5.7,https://www.misprofesores.com/profesores/Sergio-Arvizu-mustamante_171358
"Augusto, Martínez Ruvalcaba",Psicología Clínica,9,9.7,https://www.misprofesores.com/profesores/David-Auron-Zaltzman_19948
"Auron Zaltzman, David",Psicología Clínica,31,4.7,https://www.misprofesores.com/profesores/Tanya-paulina-Avelar-flores_140023
"Avelar Rodríguez, Cristina",Psicología Experimental,71,8.8,https://www.misprofesores.com/profesores/Ma.-del Rocio Purificacion-Avendano-Sandoval_19936
"Avendaño Sandoval, Ma. del Rocío Purificación",Psicología Experimental,18,5.9,https://www.misprofesores.com/profesores/Rocio-Avendano_23765
"Avendaño, Rocio",Psicología,15,6.3,https://www.misprofesores.com/profesores/Rocio-Avendano_23766
"Avendaño, Rocio",,29,6.3,https://www.misprofesores.com/profesores/JOSE-LUIS SALVADOR-AVILA-CALDERON_55493
"AVILA CALDERON, JOSE LUIS SALVADOR",educativa,3,8.7,https://www.misprofesores.com/profesores/Fructuoso-Ayala-Guerrero_33730
"Ayala Guerrero, Fructuoso",Psicofisiología,18,8.6,https://www.misprofesores.com/profesores/David-Francisco-Ayala-Murguia_134345
"Ayala Murguía, David Francisco",Psicología clínica y de la salud,3,3.7,https://www.misprofesores.com/profesores/David-Ayala_28276
"Ayala, David",Teorias de la Pers. y Neurosis,20,7.0,https://www.misprofesores.com/profesores/Gustavo-Bacha-Mendez_26068
"Bachá Méndez, Gustavo",Psicología Experimental,90,8.4,https://www.misprofesores.com/profesores/Victor-Ballesteros-lopez_140699
"Baroja Manzano, José Luis",CTX,7,7.3,https://www.misprofesores.com/profesores/Jose-Luis-Baroja_93382
"Baroja, José Luis",Psicología UNAM,3,4.7,https://www.misprofesores.com/profesores/kirareset-barrera-garcia_90293
"barrera garcia, kirareset",facultad de psicologia UNAM,1,2.0,https://www.misprofesores.com/profesores/Kirareset-Barrera-Garcia_180387
"Barrera Gutierrez, Jose Luis",Clinica,40,9.6,https://www.misprofesores.com/profesores/Maria-Jose-Barrera-Olmedo_80779
"Barrera Olmedo, María José",Social,5,8.8,https://www.misprofesores.com/profesores/Kirareset-Barrera_30448
"Barrera, Kirareset",SUA,16,6.4,https://www.misprofesores.com/profesores/Alejandra-Barrientos-Maldonado_76162
"Bautista López, Angélica","Lenguaje,sentido y acción social",14,7.3,https://www.misprofesores.com/profesores/Angelica-Leticia-Bautista-Lopez_58868
"Bautista López, Angélica Leticia",Psicología Social,16,9.3,https://www.misprofesores.com/profesores/Joaquin-Alberto-Bautista-Padilla_75937
"Bautista Padilla, Joaquin Alberto",Psicología Social,8,9.6,https://www.misprofesores.com/profesores/Raymundo-Bazan_180957
"Bazan, Raymundo",CCC,1,10.0,https://www.misprofesores.com/profesores/ANA-MARIA-BANUELOS-MARQUEZ_75713
"BAÑUELOS MARQUEZ, ANA MARIA",TEORIA SOCIOCULTURAL,6,9.3,https://www.misprofesores.com/profesores/Ana-Maria-Banuelos-Marquez_172884
"Becerril Pérez, María Santos",Psicología Clínica,17,9.2,https://www.misprofesores.com/profesores/Patricia-Josefina-Bedolla-Miranda_41380
"Bedolla Miranda, Patricia Josefina",,26,6.7,https://www.misprofesores.com/profesores/Nazira-Bello-Calleja_30429
"Bello Calleja, Nazira",Posgrado Social,14,9.4,https://www.misprofesores.com/profesores/Rodrigo-Benavides_123970
"Benavides, Rodrigo",Contextual,15,8.2,https://www.misprofesores.com/profesores/Corina-Benjet_66172
"Benjet, Corina",Métodos de investigación,5,9.8,https://www.misprofesores.com/profesores/Jose-Luis-Benitez-Islas_59272
"Benítez Islas, José Luis",Facultad de Psicología,43,9.1,https://www.misprofesores.com/profesores/fabiola-berlanga_155701
"berlanga, fabiola",teoría psicogenética,11,9.5,https://www.misprofesores.com/profesores/Patricia-Bermudez-Lozano_124767
"Bermudez Lozano, Patricia",Educativa,2,9.0,https://www.misprofesores.com/profesores/Rodolfo-Bernal-Gamboa_63960
"Bernal Gamboa, Rodolfo",CCC,50,7.7,https://www.misprofesores.com/profesores/Yolanda-Bernal-Alvarez_49801
"Bernal Álvarez, Yolanda",Educativa,15,5.7,https://www.misprofesores.com/profesores/Juan-Carlos-Bojalil-Munos_134522
"Bojalil Muños, Juan Carlos",Clinica,7,5.6,https://www.misprofesores.com/profesores/Arturo-Bouzas-Riano_26598
"Bouzas Riaño, Arturo",experiemntal,95,7.0,https://www.misprofesores.com/profesores/Andrea-Bravo-Doddoli_172162
"Bravo Doddoli, Andrea",Social,1,9.0,https://www.misprofesores.com/profesores/luis-Fernando-Brito_90098
"Brito, luis Fernando",sociocultural,27,4.8,https://www.misprofesores.com/profesores/Annemarie-Bruggman-Garcia_38184
"Bruggman Garcia, Annemarie",educativa,7,7.4,https://www.misprofesores.com/profesores/Carlos-Bruner_35642
"Bruner, Carlos",Experimental,16,5.8,https://www.misprofesores.com/profesores/Leticia-Bustos-de la Tijera_26625
"Bustos de la Tijera, Leticia",Clínica,39,5.9,https://www.misprofesores.com/profesores/OLGA-BUSTOS-ROMERO_26626
"BUSTOS ROMERO, OLGA",SOCIAL,17,6.9,https://www.misprofesores.com/profesores/enrique-buzo-casanova_36970
"buzo casanova, enrique",,72,8.9,https://www.misprofesores.com/profesores/Jonathan-Caballero-Meneses_60602
"Caballero Meneses, Jonathan",Educativa,4,8.3,https://www.misprofesores.com/profesores/Alejandra-Caballero_158102
"Caballero, Alejandra",Psicologia,1,3.0,https://www.misprofesores.com/profesores/Ingrid-Marissa-Cabrera-Zamora_41356
"Cabrera Zamora, Ingrid Marissa",Medición y evaluación psicológica,51,8.2,https://www.misprofesores.com/profesores/LUIS-EMILIO-CACERES-ALVARADO_133340
"Caceres Alvarado, Luis Emilio",ACA II Y III,55,6.3,https://www.misprofesores.com/profesores/Anaid-Caletti_54437
"Caletti, Anaid",Educativa,8,9.0,https://www.misprofesores.com/profesores/Jaime-Eduardo-Calixto-Gonzalez_41403
"Calixto González, Jaime Eduardo",Psicofisiología,35,7.6,https://www.misprofesores.com/profesores/Yael-Calixto_108763
"Calixto, Yael",Facultad de psicología,15,9.2,https://www.misprofesores.com/profesores/Nazira-Calleja-Bello_51251
"Calleja Bello, Nazira",Social,15,9.7,https://www.misprofesores.com/profesores/Miriam-Camacho-Valladares_183196
"camacho, miriam",psicoloia social de los grupos,51,7.7,https://www.misprofesores.com/profesores/Patricia-Edith-Campos-Coy_44570
"Campos Coy, Patricia Edith",Psicofisiología,16,7.9,https://www.misprofesores.com/profesores/Rosa-Ma.-Campos-Morales_19947
"Campos Morales, Rosa Ma.",Psicofisiología,10,7.7,https://www.misprofesores.com/profesores/Jair-Canchola-Castillo_179641
"Canchola Castillo, Jair",Neurodiversidad,2,5.0,https://www.misprofesores.com/profesores/Maria-Elena-Cano-Salazar_90180
"Cano Salazar, Maria Elena",Facultad de Ingenieria DCSyH,1,10.0,https://www.misprofesores.com/profesores/Selene-Cansino_42897
"Cansino, Selene",Psicologia UNAM,4,5.3,https://www.misprofesores.com/profesores/Edith-Carbajal_124700
"Carbajal, Edith",Psicologìa Educativa,1,10.0,https://www.misprofesores.com/profesores/Aurora-Cardenas-Lopez_68447
"Cardenas Lopez, Aurora",Aproximaciones al Proceso salud enfermedad,8,9.1,https://www.misprofesores.com/profesores/Laura-Lorena-Cardenas-Lugo_165194
"Cardenas Lugo, Laura Lorena",Educativa,6,8.7,https://www.misprofesores.com/profesores/Maria-Georgina-Cardenas-Lopez_90445
"Cardenas López, María Georgina",Psicología,5,2.0,https://www.misprofesores.com/profesores/Lucio-Cardenas-Rodriguez_26609
"Cardenas Rodriguez, Lucio",,9,9.0,https://www.misprofesores.com/profesores/Gloria-Careaga-Perez_42610
"Careaga Pérez, Gloria",Social,14,7.9,https://www.misprofesores.com/profesores/jesus-Carlos-G._23772
"Carlos G., jesus",,3,4.7,https://www.misprofesores.com/profesores/jose-jesus-Carlos-Guzman_46264
"Carlos Guzmán, josé jesús",educativa,18,7.2,https://www.misprofesores.com/profesores/Alejandro-Carrillo-Uribe_172161
"Carrillo Uribe, Alejandro",Ciclo de vida,5,8.2,https://www.misprofesores.com/profesores/Angel-Gabino-Casales-Leon_56824
"Casales León, Angel Gabino",,5,5.6,https://www.misprofesores.com/profesores/Cesar-Casasola-Castro_19946
"Casasola Castro, César",Psicofisiología,90,7.4,https://www.misprofesores.com/profesores/Sandra-Nicolasa Guadalupe-Castaneda-Figueiras_55180
"Castañeda Figueiras, Sandra Nicolasa Guadalupe",Psicología Experimental,8,5.0,https://www.misprofesores.com/profesores/Irma-Graciela-Castaneda_100805
"Castañeda, Irma Graciela","Facultad de psicología , educativa",4,3.5,https://www.misprofesores.com/profesores/Diana-Castillo-Padilla_76180
"Castillo Padilla, Diana",Temas selectos en psicobiologia,3,7.0,https://www.misprofesores.com/profesores/abrham-castro-balboa_50454
"castro balboa, abrham",psicologia,2,5.0,https://www.misprofesores.com/profesores/ABRAHAM-CASTRO-ROMERO_32621
"CASTRO ROMERO, ABRAHAM",PSICOLOGIA COGNOSCITIVA,37,6.6,https://www.misprofesores.com/profesores/Karla-Alejandra-Cervantes-Bazan_90765
"Cervantes Bazán, Karla Alejandra","Facultad de Psicología, UNAM",29,9.1,https://www.misprofesores.com/profesores/JOSE-ALFREDO-CERVANTES-TOLENTO_47102
"CERVANTES TOLENTO, JOSE ALFREDO",TRANSDISCIPLINA Y CONOCIMIENTO DE FRONTERA,4,7.3,https://www.misprofesores.com/profesores/Ana-Karen-Cervantes_134135
"Cervantes, Ana Karen",Educativa,1,5.0,https://www.misprofesores.com/profesores/Silvia-Chaine_70797
"Chaine, Silvia",CCC,11,7.7,https://www.misprofesores.com/profesores/Brebda-Concepcion-Chambert-Morales_134007
"Chambert Morales, Brenda Concepción",Clinica,8,9.3,https://www.misprofesores.com/profesores/Ana-Celia-Chapa-Romero_74721
"Chapa Romero, Ana Celia",Facultad de Psicología/Clínica,23,9.3,https://www.misprofesores.com/profesores/Salvador-Chavarria-Luna_71398
"Chavarria Luna, Salvador",Psicologia clinica,25,9.2,https://www.misprofesores.com/profesores/cuahutemoc-chavez-zavaeta_31610
"chavez zavaeta, cuahutemoc",psicologia social,9,8.1,https://www.misprofesores.com/profesores/MELISA-ERENDIRA-CHAVEZ-GUERRERO_134189
"CHAVEZ GUERRERO, MELISA ERENDIRA","Facultad de Psicología, UNAM",3,9.7,https://www.misprofesores.com/profesores/PAULA-CHAVEZ-SANTAMARIA_166575
"CHAVEZ SANTAMARIA, PAULA",METODO CLINICO,2,10.0,https://www.misprofesores.com/profesores/Paula-Chavez_170497
"CHEANG CHAO GONZALEZ, Ma. Patricia",,4,4.5,https://www.misprofesores.com/profesores/Benjamin-Chirino-Arroyo_154341
"Chirino Arroyo, Benjamín",Contextual/ CCC,1,8.0,https://www.misprofesores.com/profesores/Benjamin-Chirino_154077
"Chirino, Benjamín",Contextual: Ética,1,9.0,https://www.misprofesores.com/profesores/Melisa-Erendira-Chavez-Guerrero_132605
"Chávez Guerrero, Melisa Erendira",Facultad de Psicología UNAM,9,9.6,https://www.misprofesores.com/profesores/Alejandra-Chavez-Murguia_161341
"Chávez Murguía, Alejandra",Clínica,6,9.7,https://www.misprofesores.com/profesores/PAULA-CHAVEZ-SANTAMARIA_72058
"CHÁVEZ SANTAMARIA, PAULA",SUA,23,9.0,https://www.misprofesores.com/profesores/Varela-Alejandra-Ciria-Fernandez_135538
"Ciria Fernández, Varela Alejandra",Desarrollos A. en Cognición y Comportamiento,1,10.0,https://www.misprofesores.com/profesores/Oscar-Alberto-Clavellina-Lopez_51609
"Clavellina López, Oscar Alberto",Social,23,6.4,https://www.misprofesores.com/profesores/LIGIA-COLMENARES-VAZQUEZ_104172
"COLMENARES VAZQUEZ, LIGIA",Psicología,9,7.7,https://www.misprofesores.com/profesores/Ligia-Colmenares_35725
"Colmenares, Ligia",ACA,52,8.6,https://www.misprofesores.com/profesores/Concepcion-Conde-Alvarez_62482
"Conde Álvarez, Concepción",Teoría Sociocultural,9,5.2,https://www.misprofesores.com/profesores/maria-del carmen-conroy_29000
"conroy, maria del carmen",psicologia clinica,5,4.0,https://www.misprofesores.com/profesores/Jose-Alfredo-Contreras-Valdez_107328
"Contreras Valdez, José Alfredo",Clínica,14,9.5,https://www.misprofesores.com/profesores/Luis-Fernando-Corchado-Munguia_138116
"CORDOVA ALCARAZ, ALBERTO JAVIER",filosofia,35,7.4,https://www.misprofesores.com/profesores/Victor-Coreno-Rodriguez_59864
"Coreno Rodríguez, Víctor",Psicología,4,6.3,https://www.misprofesores.com/profesores/PATRICIA-CORRES_24073
"CORRES, PATRICIA",PSICOLOGIA,96,8.2,https://www.misprofesores.com/profesores/Maria-Asuncion del Carmelo-Corsi-Cabrera_45299
"Corsi Cabrera, María Asunción del Carmelo",Psicofisiología,1,10.0,https://www.misprofesores.com/profesores/tomas-cortes-solis_60157
"cortes solis, tomas",psicologia,11,6.5,https://www.misprofesores.com/profesores/Tomas-Cortes_27948
"Cortes, Tomas",Educativa,10,4.6,https://www.misprofesores.com/profesores/Fernando-Cortes_42294
"Cortés, Fernando",educativa,2,9.5,https://www.misprofesores.com/profesores/Alejandra-Cruz-Cruz_80241
"Cruz Cruz, Alejandra",Psicología,35,5.8,https://www.misprofesores.com/profesores/Rafael-Cruz-Velazquez_105106
"Cruz Velázquez, Rafael",CCC,21,9.3,https://www.misprofesores.com/profesores/felipe-cruz_31257
"cruz, felipe",psicología,23,4.4,https://www.misprofesores.com/profesores/Francisca-Cruz_36407
"Cruz, Francisca",Serrano,18,4.7,https://www.misprofesores.com/profesores/Jose-saturnino Ignacio-cueli-garcia_70302
"Cueli García, José",Psicología,21,7.3,https://www.misprofesores.com/profesores/Martha-Maria-Cuevas-Abad_19966
"Cuevas Abad, Martha María",Psicología Experimental,17,8.2,https://www.misprofesores.com/profesores/Corina-Margarita-Cuevas-Renaud_19956
"Cuevas Renaud, Corina Margarita",Psicología Experimental,74,8.1,https://www.misprofesores.com/profesores/CORINA-MARGARITA-CUEVAS-RENAUD_32970
"CUEVAS RENAUD, CORINA MARGARITA",psicologia,29,7.3,https://www.misprofesores.com/profesores/Josafat-Cuevas-Salazar_53972
"Cuevas Salazar, Josafat",,15,4.2,https://www.misprofesores.com/profesores/Joaquin-Cuevas_56382
"Cuevas, Joaquin",Transdisciplina,1,9.0,https://www.misprofesores.com/profesores/Christian-Giovani-Curiel-Guerrero_175203
"Curiel Guerrero, Christian Giovani",Psicobiología y Neurociencias,3,10.0,https://www.misprofesores.com/profesores/Christian-Curiel_92902
"Curiel, Christian",Psicobiología y neurociencias,7,9.1,https://www.misprofesores.com/profesores/Lilian-Dabdoub-Alvarado_19968
"Dabdoub Alvarado, Lilian",Psicología Educativa,3,7.0,https://www.misprofesores.com/profesores/Diaz-Mercado-David_42352
"David, Díaz Mercado",Ciclo de vida,12,4.9,https://www.misprofesores.com/profesores/Patricia-de-Buen Rodriguez_37022
"de Buen Rodríguez, Patricia",Facultad de Psicología,14,8.0,https://www.misprofesores.com/profesores/marisol-de-diego correa_94281
"de diego correa, marisol",psicologia,5,8.6,https://www.misprofesores.com/profesores/Gabriela-De-la Cruz Flores_44571
"De la Cruz Flores, Gabriela",Psicología Experimental,43,7.0,https://www.misprofesores.com/profesores/Busto-De-la tijera_125276
"De la Vega Morales, Rocio Ivonne",Clínica,9,6.2,https://www.misprofesores.com/profesores/Maria-Fernanda-De-los Santos Chapa_109276
"De los Santos Chapa, María Fernanda",Psicología UNAM,6,5.8,https://www.misprofesores.com/profesores/Brandon-De-Nova_86724
"De Nova, Brandon",Facultad de psicología,2,10.0,https://www.misprofesores.com/profesores/Irma-Yolanda-del-Rio Portilla_19957
"del Río Portilla, Irma Yolanda",Psicofisiología,55,6.3,https://www.misprofesores.com/profesores/Carlos-Delgado-Pastrana_154160
"Delgado Ballesteros, Gabriela",educativa,11,7.0,https://www.misprofesores.com/profesores/Georgina-Delgado_28218
"Delgado Pastrana, Carlos","Facultad de Psicología, UNAM",2,10.0,https://www.misprofesores.com/profesores/Georgina-Delgado_177657
"Delgado, Georgina",,24,3.0,https://www.misprofesores.com/profesores/Ma.-Isabel-Delsordo-Lopez_19969
"Delsordo López, Ma. Isabel",Psicología del Trabajo,43,6.2,https://www.misprofesores.com/profesores/david-diaz-mercado_37127
"Denisse, Karla","Facultad de Psicología, UNAM",1,10.0,https://www.misprofesores.com/profesores/JOSE-LUIS-Diaz-Meza_22869
"diaz mercado, david",transdiciplina,11,3.1,https://www.misprofesores.com/profesores/JOSE-LUIS-DIAZ-MEZA_166578
"Diaz Meza, JOSE LUIS",psicofisiologia,92,7.6,https://www.misprofesores.com/profesores/Lidia-Diaz-San Juan_27947
"DIAZ MEZA, JOSE LUIS",TALLER DE PSICOFISIOLOGIA,1,8.0,https://www.misprofesores.com/profesores/CAROLINA-DIAZ-WALLS_42489
"Diaz San Juan, Lidia",Clínica,22,4.2,https://www.misprofesores.com/profesores/Olga-Dionisio_107254
"DIAZ WALLS, CAROLINA",SUA,25,6.4,https://www.misprofesores.com/profesores/Olga-Dionisio_107253
"Dionisio, Olga",Facultad de psicología,2,10.0,https://www.misprofesores.com/profesores/Benjamin-Dominguez-Trejo_63948
"Dominguez Trejo, Benjamin",Psicología,3,8.0,https://www.misprofesores.com/profesores/Alejandra-del Carmen-Dominguez_51366
"DOMINGUEZ ZUÑIGA, TANIA FABIOLA",PSICOLOGIA SOCIAL DE LOS GRUPOS,9,9.1,https://www.misprofesores.com/profesores/Paola-Ina-Dominguez-Gonzalez_166583
"Dominguez, Alejandra del Carmen",Social,9,9.0,https://www.misprofesores.com/profesores/Maria-Eugenia de Lourdes-Dorantes-Guevara_45734
"Domínguez González, Paola Ina","Facultad de Psicología, UNAM",1,8.0,https://www.misprofesores.com/profesores/CLAUDETTE-DUDET-LIONS_39163
"Dorantes Guevara, Maria Eugenia de Lourdes",Psicofisiología,13,4.5,https://www.misprofesores.com/profesores/Monse-Duenas-Tinoco_57430
"DUDET LIONS, CLAUDETTE",PSICOLOGIA,37,5.3,https://www.misprofesores.com/profesores/Raul-Duron-Figueroa_176489
"Dueñas Tinoco, Monse",Inglés Avanzado,5,7.8,https://www.misprofesores.com/profesores/Frida-Diaz-Barriga_35736
"Durón Figueroa, Raúl",CCC,3,8.0,https://www.misprofesores.com/profesores/Magdalena-Diaz-Castro_46279
"Díaz Barriga, Frida",Educativa,30,7.9,https://www.misprofesores.com/profesores/Ana-Maria Eugenia-Diaz-De Leon D Hers_43318
"Díaz Castro, Magdalena",Psicología,12,7.8,https://www.misprofesores.com/profesores/Ricardo-Diaz-Gutierrez_19960
"Díaz De León D Hers, Ana María Eugenia",Psicofisiología,4,8.0,https://www.misprofesores.com/profesores/Rolando-Diaz-Loving_19970
"Díaz Gutiérrez, Ricardo",Psicología Experimental,9,6.6,https://www.misprofesores.com/profesores/Nury-Domenech-Torrens_19963
"Díaz-Loving, Rolando",Psicología Social,52,8.3,https://www.misprofesores.com/profesores/Gutierrez-Cuevas-Edgar_42330
"Dómenech Torrens, Nury",Psicología Experimental,60,5.7,https://www.misprofesores.com/profesores/Maria-Susana-Eguia-Malo_103269
"Edgar, Gutiérrez Cuevas",CCC,9,6.1,https://www.misprofesores.com/profesores/Susana-Eguia-Malo_37361
"Eguia Malo, María Susana",Psicología,1,9.0,https://www.misprofesores.com/profesores/Sanchez-Fernandez-Elda-Luisa_49384
"Eguia Malo, Susana",,11,6.5,https://www.misprofesores.com/profesores/Erika-Elizabeth-Lopez Mora_151669
"Elda Luisa, Sanchez Fernandez",Psicología Organizacional,1,7.0,https://www.misprofesores.com/profesores/Anja-Eller_42377
"Eller, Anja",Social,27,7.4,https://www.misprofesores.com/profesores/Leydy-Aleen-Erazo-Nanez._112010
"Erazo Ñañez., Leydy Aleen",CCC/Educativa,4,9.0,https://www.misprofesores.com/profesores/amanda-irma-escobar-hernandez_117154
"Escandon Gallegos, Socorro",DESARROLLO DE EQUIPOS DE TRABAJO,6,6.5,https://www.misprofesores.com/profesores/Rogelio-Escobar-Hernandez_41195
"Escobar Hernández, Rogelio",Psicología Experimental,95,9.4,https://www.misprofesores.com/profesores/carolina-escobar_26531
"escobar, alfonso",psicofisiologia,22,6.7,https://www.misprofesores.com/profesores/Martha-Escobar_46223
"escobar, carolina",psicobiologia,29,6.4,https://www.misprofesores.com/profesores/Adelina-Eslava-Guevara_36957
"Escobar, Martha",psicofisiologia,14,7.7,https://www.misprofesores.com/profesores/eva-maria-esparza-meza_42819
"Eslava Guevara, Adelina",Organizacional,14,7.4,https://www.misprofesores.com/profesores/Rodolfo-Esparza-Marquez_19934
"esparza meza, eva maría",clínica,9,6.7,https://www.misprofesores.com/profesores/Francisco-Javier-Espinosa-Jimenez_80190
"Esparza Márquez, Rodolfo",Psicología Experimental,34,4.8,https://www.misprofesores.com/profesores/Julio-Espinosa_24425
"Espinosa Jimenez, Francisco Javier",Clínica,8,6.6,https://www.misprofesores.com/profesores/Montserrat-Espinosa_109495
"Espinosa, Julio",Psicología Experimental,57,7.6,https://www.misprofesores.com/profesores/Fatima-Espinoza_125854
"Espinosa, Montserrat",Educativa,15,7.9,https://www.misprofesores.com/profesores/guadalupe-esqueda_25201
"Espinoza, Fatima",Clínica,5,8.8,https://www.misprofesores.com/profesores/Maria-Fayne-Esquivel-Ancona_41090
"esqueda, guadalupe",,2,2.0,https://www.misprofesores.com/profesores/Cesareo-Estrada-Rodriguez_146916
"Esquivel Ancona, María Fayné",Psicología Clínica,17,8.1,https://www.misprofesores.com/profesores/ANA-CECILIA-FALCO-PLIEGO_101370
"Falcón Manzano, Diego",Psicología Comunitaria,20,8.7,https://www.misprofesores.com/profesores/Pablo-Fernandez-Christlieb_24541
"Felix Romero, Violeta",Clínica,3,8.0,https://www.misprofesores.com/profesores/francisco-fernandez-diaz_40357
"Fernandez Christlieb, Pablo",Psicología Social,112,9.0,https://www.misprofesores.com/profesores/Jose-Francisco-Fernandez-Diaz_109851
"fernandez diaz, francisco",psicologia social,22,6.1,https://www.misprofesores.com/profesores/Nestor-Fernandez-Sanchez_67275
"Fernández Díaz, José Francisco",Facultad de psicología,2,3.0,https://www.misprofesores.com/profesores/Alejandra-Ciria-Fernandez-Varela_133369
"Fernández Sánchez, Néstor",Experimental,29,8.1,https://www.misprofesores.com/profesores/Alejandra-Ciria-Fernandez-Varela_133368
"Fernández Varela, Alejandra Ciria",Facultad de Psicología,18,8.4,https://www.misprofesores.com/profesores/lidia-aurora-ferreira-nuno_23024
"ferreira nuño, lidia aurora",,21,6.0,https://www.misprofesores.com/profesores/Milagros-Figueroa-Campos_64296
"Fierro Luna, Fernando",Psicología Educativa,13,7.9,https://www.misprofesores.com/profesores/Joaquin-Figueroa-Cuevas_60648
"Figueroa Campos, Milagros",Psicología de la educación,19,6.5,https://www.misprofesores.com/profesores/Maria-guadalupe-Flores-Cruz_118389
"Figueroa Cuevas, Joaquin",,8,4.1,https://www.misprofesores.com/profesores/rosa-del carmen-flores-macias_138455
"Flores Cruz, María guadalupe",Facultad de psicología UNAM,22,5.2,https://www.misprofesores.com/profesores/Rogelio-Flores-Morales_63939
"Flores Morales, Rogelio",Psicología Social,55,9.3,https://www.misprofesores.com/profesores/Nelly-Flores-Pineda_59242
"Flores Palmeros, Juliana",Orientación,4,9.0,https://www.misprofesores.com/profesores/ma.-guadalupe-flores_37107
"Flores Pineda, Nelly",Clínica,2,7.5,https://www.misprofesores.com/profesores/Gabriela-Franco_123264
"flores, ma. guadalupe",taller de psicofisiología,45,7.1,https://www.misprofesores.com/profesores/Hector-Bautista Ortiz-Freud_155472
"Franco, Gabriela",CCC,1,7.0,https://www.misprofesores.com/profesores/Torres-Trejo-Frine_52269
"Freud, Héctor Bautista Ortiz",Psicologia,1,7.0,https://www.misprofesores.com/profesores/Oscar-Galicia-Castillo_42423
"Frine, Torres Trejo",Neurobiología,6,8.8,https://www.misprofesores.com/profesores/Joyce-Galindo_56322
"Galicia Castillo, Oscar",Psicología Unam,59,8.3,https://www.misprofesores.com/profesores/Joel-Gallardo-marquez_103244
"Galindo, Joyce",Bases Biologicas de la Conducta,6,8.7,https://www.misprofesores.com/profesores/Luis-Mariano-Gallardo-Ramirez_30599
"Gallardo Ramírez, Luis Mariano",Profesionales General,65,6.2,https://www.misprofesores.com/profesores/Lizzate-Galvaes_67468
"Gallardo, Sarahí Rebeca",C.C.C.,15,6.7,https://www.misprofesores.com/profesores/Carmen-Lizette-Galvez-Hernandez_181271
"Galvez Hernandez, Carmen Lizette",Neuro,2,8.0,https://www.misprofesores.com/profesores/Itzel-Graciela-Galan-Lopez_41893
"Galán López, Itzel Graciela",Psicofisiología,29,8.9,https://www.misprofesores.com/profesores/Jose-Antonio-Gamiochipi-Cano_45712
"Galán López, Quetzal Natalia",Psicología Clínica y de la Salud,8,8.8,https://www.misprofesores.com/profesores/Mireya-Gamiochipi-Cano_45711
"Gamiochipi Cano, José Antonio",Psicología Clínica,12,3.1,https://www.misprofesores.com/profesores/Yolanda-Garcia-Amezola_65398
"Gamiochipi Cano, Mireya",Psicología Clínica,10,4.6,https://www.misprofesores.com/profesores/Nancy-Angelica-Garcia-Barajas_113393
"Garcia Amezola, Yolanda",Psicología,1,2.0,https://www.misprofesores.com/profesores/DAMARIZ-GARCIA-CARRANZA_51443
"Garcia Barajas, Nancy Angelica",Facultad de psicologia,14,9.8,https://www.misprofesores.com/profesores/Melissa-Garcia-Meraz_74600
"GARCIA CARRANZA, DAMARIZ",clinica,8,6.3,https://www.misprofesores.com/profesores/Georgina-Garcia-Rodriguez_83417
"Garcia Meraz, Melissa",Psicologia Social,45,6.9,https://www.misprofesores.com/profesores/reorgina-garcia-rodriguez_109079
"Garcia Rodriguez, Georgina",Psicología,4,7.8,https://www.misprofesores.com/profesores/gabriela-garcia-romero_33044
"garcia romero, gabriela",psicologia,4,4.8,https://www.misprofesores.com/profesores/Bryan-Garcia_180233
"garcia, alejandra",psicologia del trabajo,22,8.2,https://www.misprofesores.com/profesores/damariz-garcia_31454
"Garcia, Bryan",Psicología CCC,1,8.0,https://www.misprofesores.com/profesores/fernando-garcia_28996
"garcia, damariz",clinica,24,5.4,https://www.misprofesores.com/profesores/Benilde-Garcia-Cabrero_80132
"garcia, fernando",psicologia educativa,9,9.2,https://www.misprofesores.com/profesores/Brayan-Garcia-Gonzalez_172163
"García Cabrero, Benilde",Psicología de la Educación,4,7.0,https://www.misprofesores.com/profesores/Eva-Laura-Garcia-Gonzalez_46278
"García González, Brayan",Contextual,3,10.0,https://www.misprofesores.com/profesores/Octavio-Cesar-Garcia-Gonzalez_41197
"García González, Eva Laura",Psicología,13,4.5,https://www.misprofesores.com/profesores/Mario-Garcia-Mendoza_123945
"García González, Octavio César",Psicofisiología,36,7.3,https://www.misprofesores.com/profesores/Agustin-Garcia-Perez_66821
"García Pérez, Agustín",Psicología,13,8.8,https://www.misprofesores.com/profesores/Maria-Hortensia-Garcia-Vigil_54257
"García Sáenz, Sandra",Eduativa,27,4.1,https://www.misprofesores.com/profesores/Omar-Garcia_154875
"García Vigil, María Hortensia",Psicología Educativa,8,6.1,https://www.misprofesores.com/profesores/Victor-Manuel-Gaytan-Herrera_37023
"García, Omar",CCC,1,3.0,https://www.misprofesores.com/profesores/Maria-del Carmen-Gerardo_36433
"Gaytan Herrera, Victor Manuel",Facultad de Psicología,8,6.5,https://www.misprofesores.com/profesores/Marin-Giangiacomo_172831
"Gerardo, Maria del Carmen",Pérez,4,9.3,https://www.misprofesores.com/profesores/Marina-Giangiacomo_172832
"Giangiacomo, Marina",Social,1,8.0,https://www.misprofesores.com/profesores/Blanca-Rosa-Giron-Hidalgo_41196
"Gijón Granados, Enrique",Psicofisiología,5,5.8,https://www.misprofesores.com/profesores/Beatriz-Gomez-Gonzalez_42480
"Girón Hidalgo, Blanca Rosa",Psicología Clínica,53,6.9,https://www.misprofesores.com/profesores/Gilberto-Gonzales-Giron_155886
"Gomez Gonzalez, Beatriz",,14,7.8,https://www.misprofesores.com/profesores/Edith-Gonzalez-Alcantara_101936
"Gonzales Girón, Gilberto",Facultad de Psicología,1,2.0,https://www.misprofesores.com/profesores/R.-de Ma-Gonzalez-de la Vega_26496
"Gonzalez Alcantara, Edith",DEP,6,3.7,https://www.misprofesores.com/profesores/Paola-Ina-Gonzalez-Dominguez_165985
"Gonzalez de la Vega, R. de Ma",,27,3.4,https://www.misprofesores.com/profesores/MARCELA-GONZALEZ-FUENTES_75690
"Gonzalez Dominguez, Paola Ina",Teoría Psicogenética Constructivista,4,5.0,https://www.misprofesores.com/profesores/Jose-de Jesus-Gonzalez-Nunez_25071
"GONZALEZ FUENTES, MARCELA",SOCIAL,7,5.6,https://www.misprofesores.com/profesores/manuel-gonzalez-oscoy_29661
"Gonzalez Nuñez, Jose de Jesus",psicología,23,6.6,https://www.misprofesores.com/profesores/Esther-gonzalez-ovilla_133291
"gonzalez oscoy, manuel",sua,42,3.3,https://www.misprofesores.com/profesores/SANTOS-RICARDO-GONZALEZ-QUEVEDO_43247
"gonzalez ovilla, Esther",psicologia,1,10.0,https://www.misprofesores.com/profesores/Rosa-Elsa-Gonzalez-Ramirez_90817
"GONZALEZ QUEVEDO, SANTOS RICARDO",PSICOLOGIA ORGANIZACIONAL,10,5.5,https://www.misprofesores.com/profesores/Arturo-Gonzalez-romero_101612
"Gonzalez Ramirez, Rosa Elsa",Psciologia Educativa,2,7.5,https://www.misprofesores.com/profesores/Selma-Gonzalez-serrato_48192
"Gonzalez serrato, Selma",Facultad psicologia,2,7.5,https://www.misprofesores.com/profesores/guadalupe-gonzalez_52320
"gonzalez, gilberto",intr metodol,19,3.5,https://www.misprofesores.com/profesores/Diego-Gonzalez-Garcia_108693
"González García, Diego",Facultad de Psicología,1,7.0,https://www.misprofesores.com/profesores/Maria-Guadalupe-Gonzalez-Osornio_59173
"GONZÁLEZ GIRÓN, GILBERTO",,26,3.3,https://www.misprofesores.com/profesores/Esther-Gonzalez-Ovilla_92002
"González Osornio, María Guadalupe",Psicofisiología,29,4.9,https://www.misprofesores.com/profesores/Marco-Antonio-Gonzalez-Perez_124059
"González Ovilla, Esther",Psicología Clínica y de la salud,13,9.5,https://www.misprofesores.com/profesores/Luz-Maria-Gonzalez-Salazar_41359
"González Pérez, Marco Antonio",Educativa,5,7.4,https://www.misprofesores.com/profesores/Isaac-Gonzalez-Santoyo_74333
"González Salazar, Luz Maria",Psicología Clínica,32,6.8,https://www.misprofesores.com/profesores/Flor-Patricia-Gonzalez-Tapia_176488
"González Santoyo, Isaac",Psicobiología y neurociencias,36,7.4,https://www.misprofesores.com/profesores/Jose-Gonzalez_112629
"González Tapia, Flor Patricia",Procesos Psicosociales y Culturales,3,8.7,https://www.misprofesores.com/profesores/Marco-Antonio-Gonzalez_137148
"González, José",Psicología,1,10.0,https://www.misprofesores.com/profesores/Tania-Gordillo-Moreno_94699
"González, Marco Antonio",Pérez,1,4.0,https://www.misprofesores.com/profesores/melissa-gracia-meraz_85789
"Gordillo Moreno, Tania",Psicologia Clinica,6,7.3,https://www.misprofesores.com/profesores/jaime-grados_26014
"grados, jaime",psicologia,48,8.6,https://www.misprofesores.com/profesores/David-Guerrero-Mayorga_60102
"guerrero luna, angelina",clinica,51,3.5,https://www.misprofesores.com/profesores/alfredo-guerrero_30618
"Guerrero Mayorga, David",Clínica,2,5.5,https://www.misprofesores.com/profesores/Juan-jose-Guillen-H_119461
"guerrero, alfredo",psc,22,7.6,https://www.misprofesores.com/profesores/Juan-jose-Guillen_119460
"Guillen, Juan jose",Psicología,1,8.0,https://www.misprofesores.com/profesores/Mariana-Gutierrez-Lara_41912
"gutierrez benjamin, rafael",educativa,34,8.9,https://www.misprofesores.com/profesores/erika-Gutierrez_23773
"Gutierrez Lara, Mariana",psicologia,35,8.7,https://www.misprofesores.com/profesores/teresa-gutierrez_79198
"Gutierrez, erika",experimental,41,3.5,https://www.misprofesores.com/profesores/Teresa-Gutierrez-Alanis_28305
"Gutiérrez Alanís, Teresa",Psicología SUA,16,8.9,https://www.misprofesores.com/profesores/Maria-Eugenia-Gutierrez-Ordonez_41423
"Gutiérrez Escalante, Armando",Facultad de Psicología,48,9.6,https://www.misprofesores.com/profesores/Gabriel-Gutierrez-Ospina_43548
"Gutiérrez Ordoñez, María Eugenia",Psicología Clínica,30,5.6,https://www.misprofesores.com/profesores/Brissa-Gutierrez_135513
"Gutiérrez Ospina, Gabriel",Psicofisiología,28,9.0,https://www.misprofesores.com/profesores/Maria-Teresa-Gutierrez_26564
"Gutiérrez, Brissa",CCC,6,9.0,https://www.misprofesores.com/profesores/Yunuen-Ixchel-Guzman-Cedillo_75324
"Gutiérrez, María Teresa",SUA/Psicobiología,7,6.7,https://www.misprofesores.com/profesores/MARIA-ELENA-GOMEZ_168654
"Guzman Cedillo, Yunuen Ixchel",Social,27,7.4,https://www.misprofesores.com/profesores/Calixto-H_99073
"H, Calixto",Neurociencias,1,9.0,https://www.misprofesores.com/profesores/MA-CRISTINA-HEREDIA-ANCONA_36952
"Hagg Hagg, Carime",Psicología Educativa,54,8.0,https://www.misprofesores.com/profesores/Tania-Jimena-Hernandez-Crespo_82553
"HEREDIA ANCONA, MA CRISTINA",Clínica,7,9.0,https://www.misprofesores.com/profesores/LIZBETH-HERNANDEZ-ESTRADA_59828
"Hernandez Crespo, Tania Jimena",Transdiciplina,32,9.1,https://www.misprofesores.com/profesores/laura-hernandez-guzman_38183
"HERNANDEZ ESTRADA, LIZBETH",Clinica,7,9.0,https://www.misprofesores.com/profesores/Alicia-Hernandez-Ortega_42720
"hernandez guzman, laura",,17,5.6,https://www.misprofesores.com/profesores/janeette-hernandez_30619
"Hernandez Ortega, Alicia",Facultad de Psicologia,2,9.0,https://www.misprofesores.com/profesores/Jose-Hernandez-Quintero_152555
"hernandez, janeette",psc,18,8.7,https://www.misprofesores.com/profesores/Gerardo-Hernandez-Rojas_21377
"Hernández Quintero, José",Psicología Educativa,8,8.3,https://www.misprofesores.com/profesores/Jose-Antonio-Hernandez-Santos_99003
"Hernández Rojas, Gerardo",Psicología,60,7.0,https://www.misprofesores.com/profesores/Laura-Amada-Hernandez-Trejo_84660
"Hernández Santos, José Antonio",Psicobiología y Neurociencias,28,8.2,https://www.misprofesores.com/profesores/Jeannette-Hernandez_31342
"Hernández Trejo, Laura Amada",Clínica,8,8.0,https://www.misprofesores.com/profesores/Aileen-Michelle-Herrara-Nieto_149330
"Hernández, Jeannette",Psicología,57,8.3,https://www.misprofesores.com/profesores/EDUARDO-HERRASTI-AGUIRRE_27549
"HERRASTI AGUIRRE, EDUARDO",PSICOSIS,29,6.6,https://www.misprofesores.com/profesores/Maria-Luisa-Herran-Iglesias_41053
"Herrera Ortiz, Miguel",Aprendizaje,45,7.1,https://www.misprofesores.com/profesores/JOSE-HUERTA-IBARRA_41100
"Herrán Iglesias, María Luisa",Facultad de Psicología,7,5.9,https://www.misprofesores.com/profesores/Jose-Huerta-Rocha_40598
"HUERTA IBARRA, JOSÉ",EDUCATIVA,17,6.5,https://www.misprofesores.com/profesores/Juan-Carlos-Huidobro-Marquez_28632
"Huerta Rocha, José",Educativa,1,6.0,https://www.misprofesores.com/profesores/Oscar-Eduardo-Ibarra-Casas_19951
"Huidobro Márquez, Juan Carlos",,54,8.5,https://www.misprofesores.com/profesores/samuel-inzales_65829
"Ibarra Casas, Oscar Eduardo",Psicología Experimental,4,8.0,https://www.misprofesores.com/profesores/Emily-Reiko-Ito-Sugiyama_141945
"Ito Sugiyama, Emily Reiko",Psicología,2,9.5,https://www.misprofesores.com/profesores/Claudia-Ivette-Jaen-Cortes_93987
"Ito, Emily",Psicología Social,29,7.3,https://www.misprofesores.com/profesores/Gabriel-Jarillo_36431
"Jaen Cortés, Claudia Ivette",Clínica,6,8.0,https://www.misprofesores.com/profesores/Luz-Maria-Javiedes_36815
"Jarillo, Gabriel",Enriquez,14,7.6,https://www.misprofesores.com/profesores/Claudia-Ivethe-Jean-Cortes_181393
"Javiedes, Luz María",Psicología Social,12,8.3,https://www.misprofesores.com/profesores/alvaro-jimenes_25361
"jimenes, alvaro",industrial,2,10.0,https://www.misprofesores.com/profesores/BLANCA-LUZ-JIMENEZ_110281
"Jiménez Osornio, Álvaro",Psicologia,1,10.0,https://www.misprofesores.com/profesores/Lilia-Joya-Laureano_32963
"Joaquin, Figueroa Cuevas",Educativa,2,9.5,https://www.misprofesores.com/profesores/Vicente-Juarez-Gamiz_64557
"Joya Laureano, Lilia",Aprox. proceso salud-enfermedad/ DEP,50,7.0,https://www.misprofesores.com/profesores/Maria-Martina-Jurado-Baizabal_171796
"Juarez Gamíz, Vicente",Psicología,3,8.0,https://www.misprofesores.com/profesores/Raul-Jurado-Cardenas_134523
"Jurado Baizabal, María Martina",Facultad de Psicología,1,6.0,https://www.misprofesores.com/profesores/Martina-Jurado_25654
"Jurado Cardenas, Raul",Contextuaal,12,4.4,https://www.misprofesores.com/profesores/Raul-Jurado_63126
"Jurado, Martina",Psicologìa Clìnica,18,7.2,https://www.misprofesores.com/profesores/Samuel-Jurado_37363
"Jurado, Raul",Psicología,15,6.3,https://www.misprofesores.com/profesores/Angelica-Juarez-Loya_100573
"Jurado, Samuel",,9,9.4,https://www.misprofesores.com/profesores/Herazo-Gonzalez-Katherine-Isabel_49067
"Juárez Loya, Angélica",Psicología Clínica y de la Salud,24,9.0,https://www.misprofesores.com/profesores/Margarita-Regina-Lagarde-Lozano_125871
"Katherine Isabel, Herazo González",Psicología Social,34,7.3,https://www.misprofesores.com/profesores/margarita-lagarde_31451
"Lagarde Lozano, Margarita Regina",Psicólogia,3,5.0,https://www.misprofesores.com/profesores/Araceli-Lambarri_59849
"lagarde, margarita",neurobiologia,79,5.1,https://www.misprofesores.com/profesores/Daniella-Lambarri_109921
"Lambarri, Araceli",Rodriguez,2,10.0,https://www.misprofesores.com/profesores/Edgar-Landa-Ramirez_92590
"Lambarri, Daniella",CCC,4,8.0,https://www.misprofesores.com/profesores/Karina-Landeros_94034
"Landa Ramirez, Edgar",Psicologia Clinica y de la Salud,7,9.6,https://www.misprofesores.com/profesores/Mariana-Lara-Gutierrez_110778
"Landeros, Karina",Psicología ambiental,7,5.7,https://www.misprofesores.com/profesores/arturo-lara-martinez_38426
"lara martinez, arturo",transdisciplina,14,3.4,https://www.misprofesores.com/profesores/Angelica-Larios-Delgado_171801
"Lara Tapia, Hector",bases biologicas de la conducta,29,7.6,https://www.misprofesores.com/profesores/Mathieu-Michel-Le-Corre_113374
"Larios Delgado, Angélica",Psicología Deportiva,1,6.0,https://www.misprofesores.com/profesores/MATHIEU-MICHEL-LE-CORRE_113555
"Le Corre, Mathieu Michel",CCC,11,8.0,https://www.misprofesores.com/profesores/Iwin-Leenen_128817
"LE CORRE, MATHIEU MICHEL",Facultad de Psicología,2,7.5,https://www.misprofesores.com/profesores/Rigoberto-Leon_24705
"Leenen, Iwin",CCC,5,9.6,https://www.misprofesores.com/profesores/Rigoberto-Leon-Sanchez_124567
"Leon, Rigoberto",Psicología,152,5.7,https://www.misprofesores.com/profesores/Enrique-Limon-Limon_147477
"León Sánchez, Rigoberto",Facultad de Psicología,6,7.3,https://www.misprofesores.com/profesores/Gilberto-Limon-Arce_42631
"Liberman Shkolnikoff, Sofía",SUA/Contextual,9,8.3,https://www.misprofesores.com/profesores/Gilberto-Limon_82208
"Limon Limon, Enrique",CCC,2,9.0,https://www.misprofesores.com/profesores/Teresa-Linda_92793
"Limón Arce, Gilberto",intervención grupos,8,8.0,https://www.misprofesores.com/profesores/alma-mireya-lopez-arce coria_23026
"Linda, Teresa",Malsi,1,5.0,https://www.misprofesores.com/profesores/Isaura-Lopez-Segura_35649
"lopez arce coria, alma mireya",,20,5.6,https://www.misprofesores.com/profesores/Alejandra-lopez_162018
"lopez hernandez, renata",,43,9.0,https://www.misprofesores.com/profesores/florente-lopez_31453
"Lopez Segura, Isaura",Laboral,20,5.4,https://www.misprofesores.com/profesores/martha-lopez_31457
"lopez, florente",experimental,9,8.1,https://www.misprofesores.com/profesores/Azucena-Lozano-Gutierrez_44572
"lopez, martha",clinica,22,9.0,https://www.misprofesores.com/profesores/Emilia-Lucio_32527
"lozada vazquez, ricardo alberto",trabajo,116,7.4,https://www.misprofesores.com/profesores/gabriela-lugo_37092
"Lozano Gutiérrez, Azucena",Psicofisiología,2,10.0,https://www.misprofesores.com/profesores/jose-luis-sanchez gomez_97173
"Lucio, Emilia",Clínica,14,5.9,https://www.misprofesores.com/profesores/DIEGO-ARMANDO-LUNA-BAZALDUA_94589
"lugo, gabriela",,32,8.5,https://www.misprofesores.com/profesores/Pablo-Misael-Luna-Davila_75238
"LUNA BAZALDUA, DIEGO ARMANDO",Facultad de Psicología,35,8.4,https://www.misprofesores.com/profesores/rafael-luna_24048
"Luna Davila, Pablo Misael",Psicología Educativa,18,8.3,https://www.misprofesores.com/profesores/Edmundo-Antonio-Lopez-Banda_91742
"Luna, Miguel Ángel",Ciencias Cognitivas y del Comportamiento,29,6.6,https://www.misprofesores.com/profesores/Edmundo-Lopez-Bandera_86243
"luna, rafael",social,42,8.9,https://www.misprofesores.com/profesores/Alberto-Isaac-Lopez-Diaz Gonzalez_175471
"López Banda, Edmundo Antonio","Facultad de psicología, UNAM",23,7.6,https://www.misprofesores.com/profesores/Christian-Lopez-Gutierrez_19967
"López Bandera, Edmundo",educativa,5,8.2,https://www.misprofesores.com/profesores/Alejandra-Lopez-Montoya_165980
"López Díaz González, Alberto Isaac",Contextual,3,10.0,https://www.misprofesores.com/profesores/Roberto-Lopez-Olmedo_104604
"López Gutiérrez, Christian",Psicología Experimental,30,7.5,https://www.misprofesores.com/profesores/Miguel-Lopez-Olovas_86342
"López Montoya, Alejandra",APSE,7,8.4,https://www.misprofesores.com/profesores/Jose-Luis-Lopez-Ramirez_177049
"López Olmedo, Roberto",Psicología Social,9,5.9,https://www.misprofesores.com/profesores/Jose-Luis-Lopez-Ramirez_126288
"López Ramirez, Jose Luis",educativa,1,10.0,https://www.misprofesores.com/profesores/Beatriz-Alejandra-Macouzet-Menendez_126017
"López Ramírez, José Luis","Facultad de Psicología, UNAM",62,9.5,https://www.misprofesores.com/profesores/Ma.-del Rocio-Maldonado-Gomez_19955
"López, José Luis","Facultad de Psicología, UNAM",3,10.0,https://www.misprofesores.com/profesores/Blanca-Elena-Mancilla_26929
"Macouzet Menéndez, Beatriz Alejandra",Clínica,4,9.3,https://www.misprofesores.com/profesores/martha-lilia-mancilla_30215
"Maldonado Gómez, Ma. del Rocío",Psicología Experimental,6,4.8,https://www.misprofesores.com/profesores/denise-manzano_31458
"Mancilla, Blanca Elena",Psicología clínica,34,8.4,https://www.misprofesores.com/profesores/magdalena-martines-flores_94935
"mancilla, martha lilia",,19,3.1,https://www.misprofesores.com/profesores/Francisco-Martinez-leon_133710
"manzano, denise",clinica,1,10.0,https://www.misprofesores.com/profesores/LUCIA-MARTINEZ-FLORES_23094
"Martinez león, Francisco",Facultad de Psicología,1,3.0,https://www.misprofesores.com/profesores/Georgina-martinez-montes de oca_55166
"MARTINEZ FLORES, LUCIA",SUA,43,9.4,https://www.misprofesores.com/profesores/rina-maria-martinez-romero_36014
"MARTINEZ MEJIA, EMMANUEL",ORGANIZACIONAL,35,6.7,https://www.misprofesores.com/profesores/FABIAN-MARTINEZ-SILVA_166576
"martinez montes de oca, Georgina",Clinica,16,5.2,https://www.misprofesores.com/profesores/adriana-martinez_40019
"martinez romero, rina maria",educacional,6,9.3,https://www.misprofesores.com/profesores/Augusto-Martinez_99804
"MARTINEZ SILVA, FABIAN",METODO CLINICO,3,6.3,https://www.misprofesores.com/profesores/Betel-Martinez_83470
"martinez, adriana",psicologia,11,7.4,https://www.misprofesores.com/profesores/victor-martinez_20295
"Martinez, Augusto",Psicología Clinica,3,10.0,https://www.misprofesores.com/profesores/Ma.-Eugenia-Martinez-Campean_30930
"Martinez, Betel",Psicologia,13,4.3,https://www.misprofesores.com/profesores/Rosa-Maritza-Martinez-Cardenas_19962
"martinez, victor",medicina,1,10.0,https://www.misprofesores.com/profesores/jose-ignacio-martinez-guerrero_40606
"Martínez Campean, Ma. Eugenia",Educativa,26,7.2,https://www.misprofesores.com/profesores/Magali-Martinez-Perez_52048
"Martínez Cárdenas, Rosa Maritza",Psicología Clínica,39,6.7,https://www.misprofesores.com/profesores/Rina-Maria-Martinez-Romero_38185
"martínez guerrero, jose ignacio",,8,8.3,https://www.misprofesores.com/profesores/Fabian-Martinez-silva_106604
"Martínez Pérez, Magali",Psicología Social,2,9.5,https://www.misprofesores.com/profesores/Maria-Isabel-Martinez-Torres_59243
"Martínez Romero, Rina Maria",,3,7.0,https://www.misprofesores.com/profesores/Arturo-Martinez_35738
"Martínez silva, Fabián",Psicología,6,7.0,https://www.misprofesores.com/profesores/Fabian-Martinez_48159
"Martínez Torres, Maria Isabel",Clinica,10,10.0,https://www.misprofesores.com/profesores/Jose-Manuel-Martinez_36993
"Martínez, Arturo",Transdisciplina,17,5.5,https://www.misprofesores.com/profesores/Ramirez-Camacho-Maria-del Carmen_90769
"Martínez, Fabián",SUA PSICOLOGIA,17,3.9,https://www.misprofesores.com/profesores/Esquivel-Ancona-Maria-Fayne_35625
"Martínez, José Manuel",Modelos en Psicología Clínica,9,8.6,https://www.misprofesores.com/profesores/Esquivel-Ancona-Maria-Fayne_35624
"María del Carmen, Ramírez Camacho","Facultad de Psicología, UNAM",26,8.5,https://www.misprofesores.com/profesores/Cristina-Masferrer_90081
"María Fayne, Esquivel Ancona",Psicología Clínica,13,6.2,https://www.misprofesores.com/profesores/Maria-de los Angeles-Mata-Mendoza_59621
"María Fayne, Esquivel Ancona",Psicología Clinica,1,6.0,https://www.misprofesores.com/profesores/fernando-mata-rosas_31450
"Masferrer, Cristina",Educativa/Teoría sociocultural,6,9.7,https://www.misprofesores.com/profesores/maria-lourdes-maya-sanchez_95346
"Mata Mendoza, María de los Ángeles",Facultad de Psicología UNAM,4,6.5,https://www.misprofesores.com/profesores/nancy-c-mazon-parra_31482
"mata rosas, fernando",educativa,54,9.5,https://www.misprofesores.com/profesores/Guillermo-Manon-Garibay_67495
"mazon parra, nancy c",psicología experimental,33,8.3,https://www.misprofesores.com/profesores/Guadalupe-Celia-Medina-Hernandez_46437
"Mañon Garibay, Guillermo",,5,6.0,https://www.misprofesores.com/profesores/adrian-medina-liberty_32519
"Medina Gutierrez, Miguel ángel",Psicología,7,6.4,https://www.misprofesores.com/profesores/jose-adrian alfredo-medina-liberty_141998
"Medina Hernández, Guadalupe Celia",Psicología Clínica,20,8.3,https://www.misprofesores.com/profesores/PABLO-MEDINA-MORA_53493
"medina liberty, adrian",,84,9.4,https://www.misprofesores.com/profesores/Jana-Aylim-Mejia-Toiber_74085
"Mejía Toiber, Jana Aylim",Neurociencias,23,7.0,https://www.misprofesores.com/profesores/Zoraida-Melendez_170370
"Mejía, Ana Berenice",Clínica,13,9.5,https://www.misprofesores.com/profesores/Jose-Mendez_24110
"Melendez, Azul",CCC,2,9.5,https://www.misprofesores.com/profesores/Aida-Araceli-Mendoza-Ibarrola_43905
"Meléndez, Zoraida",Psicologia,3,6.3,https://www.misprofesores.com/profesores/Jessica-Mendoza-Jimenez_57264
"Mendez, José",Psicofisiologia,30,7.8,https://www.misprofesores.com/profesores/Aida-Araceli-Mendoza_26670
"Mendoza Ibarrola, Aida Araceli",Facultad de pSICOLOGIA,4,5.3,https://www.misprofesores.com/profesores/Judith-Marina-Menez-Diaz_54256
"Mendoza Jiménez, Jessica",Experimental,12,5.8,https://www.misprofesores.com/profesores/Dolores-Mercado-Corona_43904
"Mendoza, Aida Araceli",Psicología,5,5.8,https://www.misprofesores.com/profesores/Dolores-Mercado-Corona_19952
"Menez Díaz, Judith Marina",Psicología Experimental,25,5.9,https://www.misprofesores.com/profesores/Serafin-Joel-Mercado-Domenech_44051
"Mercado Corona, Dolores",Facultad de Psicologia,4,5.8,https://www.misprofesores.com/profesores/carmen-merino_21680
"Mercado Corona, Dolores",Psicología Experimental,23,9.3,https://www.misprofesores.com/profesores/Patricia-Meraz-Rios_59175
"Mercado Domenech, Serafín Joel",Psicología Social,1,7.0,https://www.misprofesores.com/profesores/Martin-Migliaro_92316
"merino, carmen",,12,4.5,https://www.misprofesores.com/profesores/Alicia-Migoni-Rodriguez_43898
"Meráz Ríos, Patricia",Psicología Experimental,68,6.7,https://www.misprofesores.com/profesores/alejandra-migoni_48225
"Migliaro, Martín",Neuro,7,2.0,https://www.misprofesores.com/profesores/Alicia-Migoni_32914
"Migoni Rodriguez, Alicia",Facultad de Psicologia,9,4.8,https://www.misprofesores.com/profesores/luna-izquierdo-miguel-angel_23025
"Migoni, Alicia",Clínica,16,2.8,https://www.misprofesores.com/profesores/Procoro-Millan-Benitez_50084
"miguel angel, luna izquierdo",,30,5.6,https://www.misprofesores.com/profesores/Patricia-Miranda-Hernandez_19959
"Migueles Rodriguez, Paola",Contextual,2,8.0,https://www.misprofesores.com/profesores/arthur-miranda_25927
"Millan Benítez, Procoro",Educativa,11,7.5,https://www.misprofesores.com/profesores/Ruben-Miranda_28903
"Miranda Hernández, Patricia",Psicología Experimental,20,6.7,https://www.misprofesores.com/profesores/Maria-Guadalupe-Moguel_180956
"Miranda, Ruben",Psicologia,22,5.0,https://www.misprofesores.com/profesores/jorge-molina-avilez_29662
"Moguel, María Guadalupe",Facultad de Psicología UNAM,1,8.0,https://www.misprofesores.com/profesores/Jorge-Orlando-Molina-Aviles_101698
"Molina Aviles, Margarita",Psicología,3,10.0,https://www.misprofesores.com/profesores/Diego-Molina-lomeli_163554
"molina avilez, jorge",sua,37,8.7,https://www.misprofesores.com/profesores/Isaac-Molina-Perez_59273
"Molina Avilés, Jorge Orlando",Facultad de Psicología,5,8.4,https://www.misprofesores.com/profesores/Margarita-Molina_109248
"Molina Pérez, Isaac",Procesos psicosociales y culturales,6,7.8,https://www.misprofesores.com/profesores/Maria-Teresa-Monjaras-Rodriguez_123634
"Mondragón Bolaños, Austreberto",Psicología Experimental,21,9.9,https://www.misprofesores.com/profesores/Maria-del Carmen-Montenegro-Nunez_53818
"Monjaras Rodríguez, María Teresa",Clínica,25,6.9,https://www.misprofesores.com/profesores/Cecilia-Montes-Medina_46277
"Monroy Nasr, Zuraya",Historia de la psicología,20,7.9,https://www.misprofesores.com/profesores/Corinne-Jennifer-Montes-Rodriguez_74279
"Montenegro Nuñez, Maria del Carmen",psicologia,30,6.6,https://www.misprofesores.com/profesores/Josefina-Montes-Rojas_53971
"Montes Medina, Cecilia",Psicología,9,7.1,https://www.misprofesores.com/profesores/cecilia-montes_172960
"Montes Rodríguez, Corinne Jennifer",Neurociencias,31,4.4,https://www.misprofesores.com/profesores/Gerardo-Mora-Gutierrez_141726
"Montes Rojas, Josefina",,3,4.7,https://www.misprofesores.com/profesores/Maria-Luisa-Morales-Bautista_166412
"Mora Gutiérrez, Gerardo",Clínica,10,8.5,https://www.misprofesores.com/profesores/Silvia-Morales-Chaine_22619
"Morales Bautista, María Luisa",Psicología,23,8.8,https://www.misprofesores.com/profesores/Brenda-Morales-Chambert_124414
"Morales Carmona, Francisco Antonio",Psicología Clínica,7,6.9,https://www.misprofesores.com/profesores/Cecilia-Morales-Garduno_47432
"Morales Chainé, Silvia",Adicciones,51,8.3,https://www.misprofesores.com/profesores/Guadalupe-Morales_71247
"Morales Chambert, Brenda",Clínica,1,10.0,https://www.misprofesores.com/profesores/Juan-Manuel-Morales_28273
"Morales Garduño, Cecilia",Psicología Educativa,10,6.9,https://www.misprofesores.com/profesores/Silvia-Morales_108952
"Morales, Guadalupe",Teoria psicogentica,16,8.1,https://www.misprofesores.com/profesores/ALEJANDRA-MORAN-CRUZ_51677
"Morales, Juan Manuel",Psicología Clínica,18,8.8,https://www.misprofesores.com/profesores/MARIA-CONCEPCION-MORAN-MARTINEZ_71740
"MORAN CRUZ, ALEJANDRA",Facultad de Economía,3,8.3,https://www.misprofesores.com/profesores/Brenda-Mireya-Moreno-Luna_83476
"MORAN MARTINEZ, MARIA CONCEPCION",.,8,5.9,https://www.misprofesores.com/profesores/PATRICIA-GUILLERMINA-MORENO-WONCHEE_67541
"MORENO CAMACHO, SOTERO",Facultad de Psicología UNAM,1,5.0,https://www.misprofesores.com/profesores/Sotero-Moreno_32981
"MORENO WONCHEE, PATRICIA GUILLERMINA",,14,5.6,https://www.misprofesores.com/profesores/Concepcion-Moran_33777
"Moreno, Sotero",Psicología Clínica,19,7.1,https://www.misprofesores.com/profesores/graciela-mota_31455
"Moreno, Sotero",,6,7.8,https://www.misprofesores.com/profesores/ARLETTE-MOTTE_38042
"Morán, Concepción",Experimental,40,7.4,https://www.misprofesores.com/profesores/Irene-Muria_25445
"mota, graciela",social,6,5.8,https://www.misprofesores.com/profesores/JUAN-CARLOS-MUNOZ-B OJALIL_35568
"MOTTE, ARLETTE",,57,7.5,https://www.misprofesores.com/profesores/Maria-del Rosario-Munoz-Cebada_24908
"Muria, Irene",Psicologia educativa,29,8.3,https://www.misprofesores.com/profesores/Jairo-Ignacio-Munoz-Delgado_43331
"MUÑOZ B OJALIL, JUAN CARLOS",TEORIA GEN Y ESP DE LA NEUROSIS,58,7.0,https://www.misprofesores.com/profesores/Mercedes-Xochitl-Munoz-Pertierra_134524
"Muñoz Cebada, María del Rosario",Psicología Clínica,19,5.2,https://www.misprofesores.com/profesores/Zeidy-Vanesa-Munoz-Torres_99793
"Muñoz Delgado, Jairo Ignacio",Psicofisiología,27,6.0,https://www.misprofesores.com/profesores/Zeidy-Vanessa-Munoz-Torres_138813
"Muñoz Pertierra, Mercedes Xochitl",Organizacional,9,7.8,https://www.misprofesores.com/profesores/Zeydy-Munoz-Torres_93557
"Muñoz Torres, Zeidy Vanesa",Psicología,19,7.8,https://www.misprofesores.com/profesores/Andres-Munoz_26599
"Muñoz Torres, Zeidy Vanessa",Facultad de Psicología,1,10.0,https://www.misprofesores.com/profesores/mercedes-munoz_23049
"Muñoz Torres, Zeydy",Neuociencias,3,9.7,https://www.misprofesores.com/profesores/merdeces-munoz_23050
"Muñoz, Andres",clinica,2,6.5,https://www.misprofesores.com/profesores/Zeidy-Munoz_91986
"muñoz, mercedes",psicologia del trabajo,5,6.6,https://www.misprofesores.com/profesores/David-Marquez_176756
"muñoz, merdeces",psicologia del trabajo,17,8.4,https://www.misprofesores.com/profesores/Fusae-Nakasawa-C._26497
"Muñoz, Zeidy",Taller de Psicofisiología,9,8.0,https://www.misprofesores.com/profesores/Rosa-Maria-Nashiki-Angulo_108238
"Márquez, David",Psicología clínica,1,10.0,https://www.misprofesores.com/profesores/Armando-Nava_28274
"Nakasawa C., Fusae",,30,7.2,https://www.misprofesores.com/profesores/Claudia-Navarro-Corona_74658
"Nashiki Angulo, Rosa María",Educativa,2,8.0,https://www.misprofesores.com/profesores/Javier-Navarro-Magallon_158965
"Nava, Armando",Psicofisiología,10,5.8,https://www.misprofesores.com/profesores/Javier-Nieto-Gutierrez_40627
"Navarro Corona, Claudia",Psicología Social,34,8.7,https://www.misprofesores.com/profesores/rosa-elena-Nieves-R._23771
"Navarro Magallón, Javier",IFC,2,10.0,https://www.misprofesores.com/profesores/Ena-Erendira-Nino-Calixto_45757
"Nieto Gutierrez, Javier",Psicología Experimental,17,7.2,https://www.misprofesores.com/profesores/Ena-Erendira-Nino-Calixto_62205
"Nieves R., rosa elena",educacional,17,9.5,https://www.misprofesores.com/profesores/Rocio-Ochoa_137060
"Niño Calixto, Ena Eréndira",,20,7.8,https://www.misprofesores.com/profesores/Yolanda-Olguin-Garcia_46622
"Niño Calixto, Ena Eréndira",Psicologia,2,7.0,https://www.misprofesores.com/profesores/Carlos-Olivera-Lopez_184850
"Olguín García, Yolanda",Psicología Clínica,10,7.7,https://www.misprofesores.com/profesores/Mirna-Rocio-Ongay_26612
"Olivera López, Carlos",Neurorología clínica y sueño,1,7.0,https://www.misprofesores.com/profesores/Vladimir-Orduna-Trujillo_27889
"Olivera, Margarita",Educativa,7,7.6,https://www.misprofesores.com/profesores/rosa-ornelas-mejorada_31224
"Ongay, Mirna Rocio",Psicologia del Trabajo,19,7.6,https://www.misprofesores.com/profesores/Gabriela-Orozco-Calderon_26624
"Orduña Trujillo, Vladimir",Experimental,70,8.8,https://www.misprofesores.com/profesores/Elisa-Guadalupe-Orozco-Rodriguez_162867
"ornelas mejorada, rosa",clinica y fisiologia,2,9.0,https://www.misprofesores.com/profesores/Gabriela-Orozco_149123
"Orozco Calderón, Gabriela",Psicofisiología,136,4.9,https://www.misprofesores.com/profesores/Ricardo-Orozco_177114
"Orozco Rodríguez, Elisa Guadalupe",Facultad de Psicología UMICH,2,3.5,https://www.misprofesores.com/profesores/Ricardo-Orozco_177113
"Orozco, Gabriela",Neuropsicologia,2,6.5,https://www.misprofesores.com/profesores/PATRICIA-JOVITA-ORTEGA-ANDEANE_79855
"Orozco, Ricardo",Clinica,1,10.0,https://www.misprofesores.com/profesores/Laura-Ortega-Leonard_55045
"ORTEGA ANDEANE, PATRICIA JOVITA",psicología,2,9.0,https://www.misprofesores.com/profesores/Elsa-Ivette-Ortega-Mora_99017
"Ortega Leonard, Laura",Psicofisiología,8,2.3,https://www.misprofesores.com/profesores/BRENDA-ESTELA-ORTEGA-MORALES_154870
"Ortega Mora, Elsa Ivette",Bases y Neuro,1,2.0,https://www.misprofesores.com/profesores/Susana-Ortega-Pierres_37251
"Ortega Mora, Elsa Ivette",Facultad de Psicología UNAM,2,3.5,https://www.misprofesores.com/profesores/Guadalupe-Ximena-Ortega-Ramirez_172409
"ORTEGA MORALES, BRENDA ESTELA",Facultad de Psicología UNAM,7,7.3,https://www.misprofesores.com/profesores/Brenda-E.-Ortega_94417
"Ortega Pierres, Susana",educativa/Piaget,13,5.9,https://www.misprofesores.com/profesores/Carlos-Ortega_52994
"Ortega Ramírez, Guadalupe Ximena",Facultad de Psicología,1,10.0,https://www.misprofesores.com/profesores/Omar-Ortega_62139
"Ortega, Brenda E.","Facultad de Psicología, UNAM",9,8.9,https://www.misprofesores.com/profesores/Georgina-Ortiz-H_37091
"Ortega, Carlos",Clinico,1,8.0,https://www.misprofesores.com/profesores/Gerardo-Ortiz-Moncada_41402
"Ortega, Omar",Prácticas de Psicobiología,1,9.0,https://www.misprofesores.com/profesores/Berenice-Dafne-Ortiz-Saavedra_82763
"Ortiz H, Georgina",,12,3.3,https://www.misprofesores.com/profesores/Ma.-Elena-Ortiz-Salinas_19935
"Ortiz Moncada, Gerardo",Psicofisiología,16,8.1,https://www.misprofesores.com/profesores/MARIA-ELENA-ORTIZ-SALINAS_166574
"Ortiz Saavedra, Berenice Dafne",psicología,3,6.7,https://www.misprofesores.com/profesores/Guadalupe-Osorio-Alvarez_44621
"Ortiz Salinas, Ma. Elena",Psicología Experimental,96,8.5,https://www.misprofesores.com/profesores/Feggy-Ostrosky-Shejet_41589
"ORTIZ SALINAS, MARIA ELENA",APRENDIZAJE Y CONDUCTA ADAPTATIVA,2,6.5,https://www.misprofesores.com/profesores/araceli-otero_26529
"Osorio Alvarez, Guadalupe",Contextual,5,7.4,https://www.misprofesores.com/profesores/laura-edith-P?rez_74363
"Ostrosky Shejet, Feggy",Psicofisiología,12,4.9,https://www.misprofesores.com/profesores/Rosa-Pacheco-Lapiedra_70027
"otero, araceli",educativa,54,7.9,https://www.misprofesores.com/profesores/Adiana-Pacheco_114599
"Pacheco Lapiedra, Rosa",Organizacional,18,9.4,https://www.misprofesores.com/profesores/Joaquin-Padilla-Bautista_75714
"Pacheco, Adiana",Facultad de psicología,1,10.0,https://www.misprofesores.com/profesores/Natalia-Padilla-Corcuera_19943
"Padilla Bautista, Joaquín",Social,11,9.9,https://www.misprofesores.com/profesores/German-Palafox-Palafox_44238
"Padilla Corcuera, Natalia",Psicología Experimental,3,8.7,https://www.misprofesores.com/profesores/lorenia-parada-ampudia_29659
"Padilla Marquez, Xochitl",Clinia,9,8.9,https://www.misprofesores.com/profesores/Hilda-Paredes-Davila_38446
"Palafox Palafox, Germán",Psicología Experimental,36,5.6,https://www.misprofesores.com/profesores/Eduardo-Parra_56390
"parada ampudia, lorenia",psicología social de la interaccion,3,10.0,https://www.misprofesores.com/profesores/ROXANA-PASTOR-FASQUELLE_74516
"Paredes Dávila, Hilda",,26,6.7,https://www.misprofesores.com/profesores/Humberto-Patino_37595
"Parra, Eduardo",Transdisciplina,1,9.0,https://www.misprofesores.com/profesores/juana-patlan_40208
"PASTOR FASQUELLE, ROXANA",Derechos humanos y desarrollo del adolescente.,2,10.0,https://www.misprofesores.com/profesores/juana-Patlan-Perez_173664
"Patiño, Humberto",DRH-I,2,10.0,https://www.misprofesores.com/profesores/Patricia-Paz-de Buen_95317
"patlan, juana",organizacional,32,5.3,https://www.misprofesores.com/profesores/Diana-Berenice-Paz-Trejo_95316
"Paz de Buen, Patricia",Psicología,3,7.3,https://www.misprofesores.com/profesores/Rodrigo-Pedroza-Llinas_51471
"Paz Trejo, Diana Berenice",Neuropsicología,16,8.9,https://www.misprofesores.com/profesores/Rodrigo-Pedroza_102930
"Pedroza Llinas, Rodrigo",Psicofisiología,59,8.6,https://www.misprofesores.com/profesores/Roberto-Peimbert-Ramos_42295
"Pedroza Llinás, Rodrigo",psicobiología,10,9.3,https://www.misprofesores.com/profesores/Rodrigo-Peniche-Amador_31293
"Peimbert Ramos, Roberto",Psicología Clínica,16,4.7,https://www.misprofesores.com/profesores/yolanda-alejandra-peralta-hernandez_84609
"Peniche Amador, Rodrigo",Organizacional,33,7.2,https://www.misprofesores.com/profesores/Jose-Jorge-Peralta-Alvarez_19954
"Peniche, Rodrigo",Amante,12,6.9,https://www.misprofesores.com/profesores/PATRICIA-PEREZ-LOPEZ_124902
"Peralta Álvarez, José Jorge",Psicología Experimental,37,7.7,https://www.misprofesores.com/profesores/jorge-perez_30617
"Perez Romero, Luis Angel",metodo clinico,2,8.0,https://www.misprofesores.com/profesores/SUSAN-EMILY-PICK-STEINER_79854
"perez, jorge",proceso salud- enf,44,7.5,https://www.misprofesores.com/profesores/Aladro-Lubel-Piedad-Dora_36016
"Peña Ortega, José Fernando",Psicofisiología,3,9.3,https://www.misprofesores.com/profesores/Patricia-Pinones-Vazquez_43508
"PICK STEINER, SUSAN EMILY",psicologia,2,6.0,https://www.misprofesores.com/profesores/Graciela-Polanco-Hernandez_71540
"Piedad Dora, Aladro Lubel",Educacional,4,9.3,https://www.misprofesores.com/profesores/graciela-polanco_30615
"Piñones Vazquez, Patricia",,21,8.0,https://www.misprofesores.com/profesores/Fernando-Javier-Polo-Martinez_166363
"Polanco Hernandez, Graciela",conextual,1,6.0,https://www.misprofesores.com/profesores/Seigy-Nallely-Ponce-Ochoa_112480
"polanco, graciela",intr metodol,16,7.3,https://www.misprofesores.com/profesores/Guillermo-Preza_133326
"Polo Martínez, Fernando Javier",Psicología Educativa,10,9.2,https://www.misprofesores.com/profesores/Guillermo-Preza_133325
"Ponce Ochoa, Seigy Nallely",Clínica,2,8.0,https://www.misprofesores.com/profesores/Arturo-Puente-Lomelin_60570
"Preza, Guillermo",Clínica,1,10.0,https://www.misprofesores.com/profesores/FEDERICO-PUENTE_43608
"Puente Lomelin, Arturo",organizacional,8,6.4,https://www.misprofesores.com/profesores/Maria-Cristina-Perez-Aguero_77210
"PUENTE, FEDERICO",ADHERENCIA TERAPEUTICA,5,6.0,https://www.misprofesores.com/profesores/Mario-Perez-Calzada_147407
"Puente, Federico",Clìnica,14,4.6,https://www.misprofesores.com/profesores/Mario-Perez-Carrillo_171707
"Pérez Agüero, María Cristina",Clínica,30,7.5,https://www.misprofesores.com/profesores/Mario-Perez-Carrillo_167582
"Pérez Calzada, Mario",ACA,14,7.8,https://www.misprofesores.com/profesores/Francisco-Perez-Cota_31310
"Pérez Carrillo, Mario",Teoría Computacional,1,9.0,https://www.misprofesores.com/profesores/Rogelio-Perez-Espinosa_113567
"Pérez Carrillo, Mario",Facultad de psicología,2,10.0,https://www.misprofesores.com/profesores/Cuitlahuac-Perez-Lopez_44698
"Pérez Cota, Francisco",Psicología Experimental,66,8.1,https://www.misprofesores.com/profesores/Luis-Perez-Romero_147466
"Pérez Espinosa, Rogelio",Clínica,5,7.6,https://www.misprofesores.com/profesores/Mario-Perez-Zuviri_46867
"Pérez López, Cuitlahuac",Psicología Educativa,16,8.5,https://www.misprofesores.com/profesores/Maria-del Rocio-Quesada-Castillo_43335
"Pérez Romero, Luis",Facultad de Psicología UNAM,3,8.3,https://www.misprofesores.com/profesores/Oscar-Francisco-Quiroga-Anaya_43906
"Pérez Zuviri, Mario",SUA psicología,5,8.6,https://www.misprofesores.com/profesores/Katya-Fernanda-Quinonez-Orozco_115284
"Quesada Castillo, María del Rocío",Psicología Educativa,1,7.0,https://www.misprofesores.com/profesores/Claudia-Rafful-Loera_108268
"Quiroga Anaya, Oscar Francisco",Facultad de Psicología,4,6.8,https://www.misprofesores.com/profesores/EDWIN-ROBERTO-RAMIREZ-BENITEZ_154601
"Quiñonez Orozco, Katya Fernanda",Facultad de Psicología,2,9.0,https://www.misprofesores.com/profesores/Maria-del Carmen-Ramirez-Camacho_183550
"Rafful Loera, Claudia","Facultad de Psicología, UNAM",27,8.9,https://www.misprofesores.com/profesores/Rosa-Maria-Ramirez-de Garay_124300
"RAMIREZ BENITEZ, EDWIN ROBERTO","Facultad de Psicología, UNAM",1,10.0,https://www.misprofesores.com/profesores/Jose-Enrique-Ramirez-vega_113526
"Ramirez de Garay, Rosa Maria",Psicología Social,5,8.0,https://www.misprofesores.com/profesores/Ignacio-Ramos-Beltran_19938
"Ramirez vega, Jose Enrique",Facultad de psicología,1,10.0,https://www.misprofesores.com/profesores/mario-ramos-hernandez_23132
"Ramos Aceves, Ma. Elena",Psicología Experimental,16,7.9,https://www.misprofesores.com/profesores/Laura-Ramos-Languren_61493
"Ramos Beltrán, Ignacio",Psicología Experimental,34,4.8,https://www.misprofesores.com/profesores/Javier-Ramos-Rosales_58691
"ramos hernandez, mario",psicología,1,2.0,https://www.misprofesores.com/profesores/Javier-Hernan-Ramos-Rosales_68683
"Ramos Languren, Laura",Psicofisiología,79,9.0,https://www.misprofesores.com/profesores/Victor-Ramirez-Amaya_42325
"Ramos Rosales, Javier",,18,8.5,https://www.misprofesores.com/profesores/Maura-Ramirez_35735
"Ramos Rosales, Javier Hernán","Psicología, clínica",6,9.7,https://www.misprofesores.com/profesores/Blanca-Estela-Reguero-Reza_36333
"Ramírez, Maura",Neurocognición,66,7.0,https://www.misprofesores.com/profesores/BLANCA-ESTELA-REGUERO-REZA_148051
"Reguero Reza, Blanca Estela",,16,7.8,https://www.misprofesores.com/profesores/Liliana-Patricia-Reveles-Quezada_84611
"Reguero Reza, Blanca Estela",Psicología Experimental,86,8.5,https://www.misprofesores.com/profesores/Azalea-Reyes-Aguilar_41590
"Reveles Quezada, Liliana Patricia",FESI,1,10.0,https://www.misprofesores.com/profesores/Raul-Reyes-Contreras_85195
"Reyes Aguilar, Azalea",Psicofisiología,39,7.6,https://www.misprofesores.com/profesores/ANA-MARIA ELIZABETH-REYES-CORTES_43101
"Reyes Contreras, Raúl",CCC,72,8.0,https://www.misprofesores.com/profesores/David-Raunel-Reyes-Dominguez_36039
"REYES CORTES, ANA MARIA ELIZABETH",PSICOLOGÍA,3,7.3,https://www.misprofesores.com/profesores/Isabel-Reyes-Lagunes_28439
"REYES DOMINGUEZ, DAVID RAUNEL",PSICOLOGIA SOCIAL DE LOS GRUPOS,1,7.0,https://www.misprofesores.com/profesores/Ofelia-Reyes-Nicolat_41911
"Reyes Dominguez, David Raunel",SUA Psicología,62,8.3,https://www.misprofesores.com/profesores/maria-de lourdes-reyes-ponce_64516
"Reyes Lagunes, Isabel",,37,8.2,https://www.misprofesores.com/profesores/Jose-Luis-Reyes_23064
"Reyes Nicolat, Ofelia",psicologia,14,6.4,https://www.misprofesores.com/profesores/LOURDES-REYES_53494
"reyes ponce, maria de lourdes",clinica,6,4.5,https://www.misprofesores.com/profesores/maria-de lourdes-reyes_31456
"Reyes, Jose Luis",Psicología,28,6.9,https://www.misprofesores.com/profesores/Michael-Reyes_113633
"reyes, maria de lourdes",laboral,14,5.7,https://www.misprofesores.com/profesores/marco-Rigo-Lemini_35565
"REYNOSO ERAZO, LEONARDO",Salud-Conductual,16,6.8,https://www.misprofesores.com/profesores/Enriqueta-Rios-Santa Cruz Polanco_41363
"Rigo Lemini, marco",Educativa,17,9.5,https://www.misprofesores.com/profesores/Alejandro-Rivas-Mendez_154872
"RIO PORTILLA, IRMA YOLANDA",experimental,6,4.2,https://www.misprofesores.com/profesores/carmen-riveira-p._29005
"Rios Santa Cruz Polanco, Enriqueta",Sua,5,3.6,https://www.misprofesores.com/profesores/Maria-del Carmen-Riveira-Perez_42633
"Rivas Méndez, Alejandro",CCC,2,9.5,https://www.misprofesores.com/profesores/Sofia-Rivera-Aragon_30428
"riveira p., carmen",,11,5.0,https://www.misprofesores.com/profesores/Jorge-Luis-Rivera-Garcia_181195
"Riveira Pérez, María del Carmen",Psicobiología,19,5.2,https://www.misprofesores.com/profesores/Jorge-Luis-Rivero-Garcia_177284
"Rivera Aragón, Sofía",Posgrado Social,73,9.0,https://www.misprofesores.com/profesores/Angelica-Riveros-Rosas_65324
"Rivera Garcia, Jorge Luis",Organizacional,1,10.0,https://www.misprofesores.com/profesores/Alicia-Roca-Cogordan_49776
"Rivero Garcia, Jorge Luis",Orga,1,10.0,https://www.misprofesores.com/profesores/Luz-Maria del Rosario-Rocha-Gimenez_43907
"Riveros Rosas, Angélica",Medicina conductual,2,8.0,https://www.misprofesores.com/profesores/Luz-maria-Rocha-Jimenez_95676
"Roca Cogordan, Alicia",Psicología Experimental,76,9.5,https://www.misprofesores.com/profesores/tania-esmeralda-rocha-sanches_31062
"Rocha Gimenez, Luz Maria del Rosario",Facultad de Psicología,5,3.4,https://www.misprofesores.com/profesores/Rodrigo-Rodrigo-Benavides Zapata_159827
"rocha sanches, tania esmeralda",social,22,8.3,https://www.misprofesores.com/profesores/Dolores-Rodriguez-Ortiz_26611
"Rodrigo Benavides Zapata, Rodrigo","Facultad de Psicología, UNAM",3,7.0,https://www.misprofesores.com/profesores/Ivonne-Rodriguez_118176
"Rodriguez Olvera, Moises Eduardo",Psicología,10,8.0,https://www.misprofesores.com/profesores/Gabriela-Eugenia-Rodriguez-Ceja_164364
"Rodriguez Ortíz, Dolores",Psicofisiología,17,8.0,https://www.misprofesores.com/profesores/Carlos-Augusto-Rodriguez-duran_125274
"Rodriguez, Ivonne",Facultad de Psicología,11,7.6,https://www.misprofesores.com/profesores/Katia-Rodriguez-Gonzalez_51148
"Rodríguez Ceja, Gabriela Eugenia",Psicología social,1,2.0,https://www.misprofesores.com/profesores/Victor-Manuel-Rodriguez-Molina_56327
"Rodríguez durán, Carlos Augusto",Clínica,7,8.6,https://www.misprofesores.com/profesores/Aidee-Elena-Rodriguez-Serrano_100817
"Rodríguez González, Katia",Psicofisiología,18,7.7,https://www.misprofesores.com/profesores/Erminda-Rodriguez_70444
"Rodríguez Molina, Victor Manuel",Neurociencias,1,8.0,https://www.misprofesores.com/profesores/Gabriela-Eugenia-Rodriguez_141177
"Rodríguez Serrano, Aidee Elena",Clínica,24,8.0,https://www.misprofesores.com/profesores/Luis-Miguel-rodriguez_62922
"Rodríguez, Erminda",Experimental,1,8.0,https://www.misprofesores.com/profesores/Gilda-Rojas-Fernandez_77316
"Rodríguez, Gabriela Eugenia",Ceja,2,6.5,https://www.misprofesores.com/profesores/Olga-araceli-Rojas-ramoS_125755
"rodríguez, Luis Miguel",fisiología,1,5.0,https://www.misprofesores.com/profesores/Olga-Araceli-Rojas-Ramos_19937
"Rojas Fernández, Gilda",Educativa,4,4.0,https://www.misprofesores.com/profesores/Sylvia-Margarita-Rojas-Ramirez_47287
"Rojas ramoS, Olga araceli",Psicología,3,6.3,https://www.misprofesores.com/profesores/Carlos-Rojas_30371
"Rojas Ramos, Olga Araceli",Psicofisiología,208,7.7,https://www.misprofesores.com/profesores/Laura-Rojo-Ornelas_133637
"Rojas Ramírez, Sylvia Margarita",,4,7.8,https://www.misprofesores.com/profesores/Laura-Rojo-Ornelas_133626
"Rojas, Carlos",Social,23,7.3,https://www.misprofesores.com/profesores/Daniela-Roldan_110150
"Rojo Ornelas, Laura",Clínica.,1,9.0,https://www.misprofesores.com/profesores/martha-romay-morales_32454
"Rojo Ornelas, Laura",Métodos y Técnicas de Investigación,1,8.0,https://www.misprofesores.com/profesores/Daniel-Romero-Andrade_155756
"Roldán, Daniela",García,1,3.0,https://www.misprofesores.com/profesores/Karina-Romero-Garcia_64798
"romay morales, martha",educativa,16,5.6,https://www.misprofesores.com/profesores/Gabriela-Romero-Garcia_41054
"Romero Andrade, Daniel",Psicología,4,9.8,https://www.misprofesores.com/profesores/PATRICIA-ROMERO_35769
"Romero Garcia, Karina",psicologia,1,10.0,https://www.misprofesores.com/profesores/PATRICIA-ROMERO_35770
"Romero García, Gabriela",Facultad de Psicología,10,6.2,https://www.misprofesores.com/profesores/Talia-Roman_141154
"ROMERO, PATRICIA",SANCHEZ,6,4.8,https://www.misprofesores.com/profesores/emma-vivian-root-groos_32382
"ROMERO, PATRICIA",EXPERIMENTAL,25,6.7,https://www.misprofesores.com/profesores/Marcela-Rosas-Pena_171906
"Román, Talía",Facultad de psicología,1,10.0,https://www.misprofesores.com/profesores/Milena-Rosenverg-Celis_55463
"root groos, emma vivian",educativa,2,9.5,https://www.misprofesores.com/profesores/Emma-Vivian-Roth-Gross_41418
"Rosas Peña, Marcela",Facultad de Psicología,1,7.0,https://www.misprofesores.com/profesores/Karen-Polett-Rubio-Exiga_172638
"Roth Gross, Emma Vivian",Psicología Educativa,1,10.0,https://www.misprofesores.com/profesores/Veronica-Ruiz-Gonzalez_130900
"Rubio Exiga, Karen Polett",Clínica - niños,1,6.0,https://www.misprofesores.com/profesores/Alejandra-Ruiz_24105
"RUIZ CONTRERAS, ALEJANDRA EVELYN",Facultad psicología,21,7.9,https://www.misprofesores.com/profesores/Jorge-Ruiz_26688
"Ruiz González, Verónica",Clínica,3,9.3,https://www.misprofesores.com/profesores/Javier-Dario-Rios_152068
"Ruiz, Alejandra",Psicofisiologia,39,8.1,https://www.misprofesores.com/profesores/Wady-Alexander-Rios_123823
"Ruiz, Jorge",Psicologia Experimental,14,7.6,https://www.misprofesores.com/profesores/ELISA-SAAD-DAYAN_60865
"Ríos, Javier Darío",Castillo,1,2.0,https://www.misprofesores.com/profesores/Inda-Guadalue-Saenz-Romero_68239
"Ríos, Wady Alexander",Neuro,9,6.3,https://www.misprofesores.com/profesores/pablo-saenz_37108
"SAAD DAYAN, ELISA",PSICOLOGÍA,8,9.9,https://www.misprofesores.com/profesores/guadalupe-saez-romero_29660
"Saenz Romero, Inda Guadalue",Facultad Psicologia UNAM,16,5.5,https://www.misprofesores.com/profesores/Erik-Salazar_35640
"saenz, pablo",transdisciplina,10,6.6,https://www.misprofesores.com/profesores/Mariana-Salcedo_104572
"saez romero, guadalupe",sua,15,7.3,https://www.misprofesores.com/profesores/Alfonso-Rafael-Salgado-Benitez_19931
"Salazar, Erik",Social,35,5.6,https://www.misprofesores.com/profesores/Octavio-Salvador-Ginez_171800
"Salcedo, Mariana",Facultad de Psicología,3,8.0,https://www.misprofesores.com/profesores/Octavio-Salvador_171791
"Salgado Benítez, Alfonso Rafael",Psicofisiología,6,7.5,https://www.misprofesores.com/profesores/Laura-Angela-Samarriba-Rocha_74846
"Salvador Ginez, Octavio",Psicología Social,2,4.0,https://www.misprofesores.com/profesores/Rozzana-Sanchez-Aragon_32555
"Salvador, Octavio",Facultad de Psicología,1,2.0,https://www.misprofesores.com/profesores/Sanchez-Carrasco Livia-Sanchez-Carrasco Livia_161114
"Sanchez Aragon, Rozzana",Psicologia Social,58,7.0,https://www.misprofesores.com/profesores/Gerardo-Sanchez-Dinorin_104459
"Sanchez Carrasco Livia, Sanchez Carrasco Livia",Psicologia Experimental,1,9.0,https://www.misprofesores.com/profesores/ELDA-LUISA-SANCHEZ-FERNANDEZ_51429
"Sanchez Castillo, Hugo",Psicofisiología,150,7.4,https://www.misprofesores.com/profesores/Jose-Luis-Sanchez-Gamez_32289
"Sanchez Dinorin, Gerardo",Psicologia,15,9.1,https://www.misprofesores.com/profesores/Rebeca-Sanchez-Monroy_59677
"SANCHEZ FERNANDEZ, ELDA LUISA",CAPACITAC Y DESARR DE PERSONAL I,1,6.0,https://www.misprofesores.com/profesores/gloria-sanchez_55613
"Sanchez Gamez, Jose Luis",SUA,10,6.3,https://www.misprofesores.com/profesores/juan-manuel-sanchez_36969
"Sanchez Monroy, Rebeca",Clinica/practicas,14,7.9,https://www.misprofesores.com/profesores/Guadalupe-Santaella_31497
"sanchez, juan manuel",,24,6.9,https://www.misprofesores.com/profesores/Raul-Santibanez_134175
"Santaella, Guadalupe",Clínica,24,9.0,https://www.misprofesores.com/profesores/Lizeth-Yael-Santos-Torres_165192
"Santiago García, Dulce Viridiana",Clínica,1,10.0,https://www.misprofesores.com/profesores/Carlos-Santoyo-Velasco_35749
"Santibanez, Raul",ACA,4,9.5,https://www.misprofesores.com/profesores/Victor-Fidel-Sastre-Rodriguez_19953
"Santos Torres, Lizeth Yael",CCC,3,8.0,https://www.misprofesores.com/profesores/jesus-segura-hidalgo_31309
"Santoyo Velasco, Carlos",Experimental/Ciclo de Vida,26,5.3,https://www.misprofesores.com/profesores/celso-serra_23775
"Sastré Rodríguez, Víctor Fidel",Psicología Experimental,70,5.2,https://www.misprofesores.com/profesores/Laura-Shneidman_94822
"segura hidalgo, jesus",social,30,6.4,https://www.misprofesores.com/profesores/Cecilia-Silva-Gutierrez_26682
"serra, celso",clinica,6,4.8,https://www.misprofesores.com/profesores/Karina-Simon_28275
"Shneidman, Laura",educacional,15,9.3,https://www.misprofesores.com/profesores/Leonardo-Soler-Anguiano_175263
"Silva Gutiérrez, Cecilia",experimental,44,5.3,https://www.misprofesores.com/profesores/victor-manuel-solis_23769
"Simón, Karina",Psicofisiología del Sueño,13,9.2,https://www.misprofesores.com/profesores/Rodolfo-Solis-Vivanco_41894
"Soler Anguiano, Leonardo",Procesos Psicosociales y Culturales,2,9.5,https://www.misprofesores.com/profesores/LAURA-SOMARRIBA-ROCHA_27838
"solis, victor manuel",estadistica,50,5.4,https://www.misprofesores.com/profesores/Janett-Esmeralda-Sosa-Torralba_93216
"Solís Vivanco, Rodolfo",Psicofisiología,17,8.6,https://www.misprofesores.com/profesores/Gabriel-Soto-Cristobal_159961
"SOMARRIBA ROCHA, LAURA",MODELOS EN PSICOLOGIA CLINICA,36,5.1,https://www.misprofesores.com/profesores/Juan-Soto_58833
"Sosa Torralba, Janett Esmeralda",Psicología Clínica,19,8.8,https://www.misprofesores.com/profesores/erika-souza_28485
"Soto Cristóbal, Gabriel",Clínica,15,7.3,https://www.misprofesores.com/profesores/Karla-Suarez-Rodriguez_87050
"Soto, Juan",psicologia social,18,8.1,https://www.misprofesores.com/profesores/Gerardo-Sanchez-Dinorin_95957
"souza, erika",psicologia organizacional,38,8.2,https://www.misprofesores.com/profesores/Lizbeth-Sanchez-Garcia_108447
"Suárez Rodríguez, Karla",Psicología Clínica y Cognitivo Conductual,6,8.5,https://www.misprofesores.com/profesores/JOSE-LUIS-SANCHEZ-GAMEZ_23051
"Sánchez Dinorín, Gerardo",Neurociencias,34,9.5,https://www.misprofesores.com/profesores/Martha-Lorena-Sanchez-Padilla_133816
"Sánchez García, Lizbeth",Psicología educativa,1,5.0,https://www.misprofesores.com/profesores/Juan-Jose-Sanchez-Sosa_53377
"SÁNCHEZ GÁMEZ, JOSÉ LUIS",,13,6.3,https://www.misprofesores.com/profesores/Cuauhtemoc-Sanchez-Vega_142904
"Sánchez Padilla, Martha Lorena",Psicologia de la Salud y el Trabajo,10,7.8,https://www.misprofesores.com/profesores/Carlos-Omar-Sanchez-Xicotencatl_59172
"Sánchez Sosa, Juan José",Psicología Clínica,13,8.2,https://www.misprofesores.com/profesores/livia-Sanchez_37247
"Sánchez Vega, Cuauhtemoc",Diplomado de Psicogerontología,1,7.0,https://www.misprofesores.com/profesores/Jose-Antonio-Talayero_34268
"Sánchez Xicoténcatl, Carlos Omar",Psicología Clínica,23,9.2,https://www.misprofesores.com/profesores/Emma-Teereira_56187
"Sánchez, livia",Psicología/experimental,29,8.5,https://www.misprofesores.com/profesores/Mario-Arturo-Tellez_78410
"Talayero, Jose Antonio",,32,5.7,https://www.misprofesores.com/profesores/Raul-Tenorio_23052
"Tellez, Mario Arturo",Facultad de Psicología,3,9.7,https://www.misprofesores.com/profesores/Marquina-Teran-Guillen_19961
"Tenorio, Raúl",fac de psicología,6,6.2,https://www.misprofesores.com/profesores/Jannete-Tierrablanca-Bermudez_83709
"teran guillen, marquina",psicologia educativa,7,6.4,https://www.misprofesores.com/profesores/Aldo-Toledo_124765
"Terán Guillén, Marquina",Psicología Experimental,28,6.5,https://www.misprofesores.com/profesores/omar-torreblanca_37968
"Tierrablanca Bermudez, Jannete",Organizacional,16,5.4,https://www.misprofesores.com/profesores/Paulina-Torres-Carrillo_109241
"Toledo, Aldo",CCC,3,10.0,https://www.misprofesores.com/profesores/Alvaro-Florencio-Torres-Chavez_41379
"torreblanca, omar",psicologia,25,7.2,https://www.misprofesores.com/profesores/Isabel-Torres-Knoop_80110
"Torres Carrillo, Paulina",Facultad de Psicologia,1,10.0,https://www.misprofesores.com/profesores/KARINA-TORRES-MALDONADO_27128
"Torres Chavez, Alvaro Florencio",Psicología Experimental,12,6.7,https://www.misprofesores.com/profesores/Frine-Torres_90603
"Torres Knoop, Isabel",Psicología,12,9.6,https://www.misprofesores.com/profesores/Angel-Tovar-y Romo_53597
"TORRES MALDONADO, KARINA",PSICOLOGÍA CLÍNICA,89,8.5,https://www.misprofesores.com/profesores/Edith-Trejo-Centeno_152986
"Torres, Frine",Psicología clínica,1,10.0,https://www.misprofesores.com/profesores/MARTHA-PATRICIA-TREJO-MORALES_166473
"Tovar y Romo, Angel",Experimental,33,7.6,https://www.misprofesores.com/profesores/Martha-Patricia-Trejo-Morales_167806
"Trejo Centeno, Edith",PiTIP,29,2.9,https://www.misprofesores.com/profesores/esther-trejo-oviedo_160092
"TREJO MORALES, MARTHA PATRICIA",Facultad de psicología,3,5.7,https://www.misprofesores.com/profesores/patricia-trejo_36011
"trejo, patricia",EXPERIMENTAL,31,9.1,https://www.misprofesores.com/profesores/Raul-Emmanuel-Trujano_35737
"Trigo Clapes, Ana Laura",Psicologia educativa,4,9.8,https://www.misprofesores.com/profesores/Gabriel-Trujillo-Colotla_71429
"Trinella Estudillo Flores, Rosalia",Social,20,5.2,https://www.misprofesores.com/profesores/Ricardo-Trujillo-Correa_41591
"Trujano, Raúl Emmanuel",Conductual,8,8.3,https://www.misprofesores.com/profesores/Pitoloco-Tucola_121489
"Trujillo Colotla, Gabriel",Psicología Clínica,5,6.2,https://www.misprofesores.com/profesores/Claudio-Arturo-Tzompantzi-Miguel_104570
"Trujillo Correa, Ricardo",Psicología Social,116,8.4,https://www.misprofesores.com/profesores/javier-urbina-soria_53320
"Tucola, Pitoloco",Parchadas 1,1,6.0,https://www.misprofesores.com/profesores/FELIPE-URIBE_24989
"Tzompantzi Miguel, Claudio Arturo",Psicología Social,20,9.6,https://www.misprofesores.com/profesores/Israel-Vaca-Palomares_94385
"urbina soria, javier",psicologia,3,7.3,https://www.misprofesores.com/profesores/Karla-Valderrama_33113
"URIBE, FELIPE",Psicologia del trabajo,14,7.1,https://www.misprofesores.com/profesores/Pablo-Valderrama_25668
"Vaca Palomares, Israel",CCC,7,5.6,https://www.misprofesores.com/profesores/Maria-Fernanda-Valencia-Camargo_82806
"Valderrama, Karla",Departamento/Facultad: Psicofisiología,6,10.0,https://www.misprofesores.com/profesores/Matilde-Valencia-Flores_53107
"Valderrama, Pablo",,54,8.4,https://www.misprofesores.com/profesores/Andromeda-Valencia-Ortiz_51603
"Valencia Camargo, María Fernanda",Psicología,10,8.8,https://www.misprofesores.com/profesores/alejandra-valencia_26695
"Valencia Flores, Matilde",Psicofisiología,3,6.7,https://www.misprofesores.com/profesores/Kenji-Valencia_106597
"Valencia Ortiz, Andrómeda",Contextual,9,8.7,https://www.misprofesores.com/profesores/Jorge-Alfonso-Valenzuela-Vallejo_19950
"valencia, alejandra",psicologia,54,7.6,https://www.misprofesores.com/profesores/Maria-Asuncion-Valenzuela_35564
"Valencia, Kenji",Neuro,20,8.2,https://www.misprofesores.com/profesores/Mirna-Valle-G._31294
"Valenzuela Vallejo, Jorge Alfonso",Psicología Clínica,33,7.8,https://www.misprofesores.com/profesores/Victoria-Magdalena-Varela-Macedo_40721
"Valenzuela, Maria Asuncion",,14,8.6,https://www.misprofesores.com/profesores/Juan-Varela_28272
"Valle G., Mirna",Organizacional,11,3.4,https://www.misprofesores.com/profesores/Aurora-Vargas-Tomero_67610
"Varela Macedo, Victoria Magdalena",Psicología Social,17,4.9,https://www.misprofesores.com/profesores/GABRIEL-VAZQUEZ-FERNANDEZ_43248
"Varela, Juan",Reclutamiento y Selección de Personal,36,8.1,https://www.misprofesores.com/profesores/Fernando-Vazquez-Pineda_32453
"VAZQUEZ FERNANDEZ, GABRIEL",PSICOLOGIA ORGANIZACIONAL,8,3.9,https://www.misprofesores.com/profesores/Lizbeth-Vega-Perez_105579
"Vazquez Pineda, Fernando",Psicologia,12,6.6,https://www.misprofesores.com/profesores/Javier-Vega-Rugerio_43338
"Vega Pérez, Lizbeth",Psicología Educativa,1,6.0,https://www.misprofesores.com/profesores/Martha-Irene-Vega_83472
"Vega Rugerio, Javier",Psicología Organizacional,8,2.4,https://www.misprofesores.com/profesores/DAVID-NATHANAEL-VELAZQUEZ-MARTINEZ_105794
"Vega, Martha Irene",Practica,1,9.0,https://www.misprofesores.com/profesores/david-nathanael-velazquez-matinez_74932
"Velazquez Cruz, Rafael",Facultad de Psicología,2,9.0,https://www.misprofesores.com/profesores/David-Velazquez_25111
"VELAZQUEZ MARTINEZ, DAVID NATHANAEL",Psicobiología y neurociencias,5,4.0,https://www.misprofesores.com/profesores/ALICIA-ELVIRA-VELEZ-GARCIA_156739
"velazquez matinez, david nathanael",NEUROBIOLOGÍA,4,3.8,https://www.misprofesores.com/profesores/Alicia-Velez_31308
"Velazquez, David",Psicofisiología,49,7.6,https://www.misprofesores.com/profesores/Rita-Velazquez-Lerma_19941
"VELEZ GARCIA, ALICIA ELVIRA",Clinida y salud,1,10.0,https://www.misprofesores.com/profesores/Alicia-Marisela-Velazquez-Medina_46274
"Velez, Alicia",neuro,41,6.5,https://www.misprofesores.com/profesores/David-Ignacio-Velazquez-Rendon_139990
"Velázquez Lerma, Rita",Psicología Experimental,10,6.0,https://www.misprofesores.com/profesores/Marcos-Evencio-Verdejo-Manzano_19945
"Velázquez Medina, Alicia Marisela",Psicología,2,9.5,https://www.misprofesores.com/profesores/Fabian-Vergara-Ovalle_167293
"Velázquez Rendón, David Ignacio",Psicogenética,6,9.0,https://www.misprofesores.com/profesores/Marco-Antonio-Vicario-Ocampo_39765
"Verdejo Manzano, Marcos Evencio",Psicología Experimental,12,8.5,https://www.misprofesores.com/profesores/Eduardo-Victor_21939
"Vergara Ovalle, Fabián",Facultad de Psicología,2,10.0,https://www.misprofesores.com/profesores/Jose-Luis-Villagomez_53058
"Vicario Ocampo, Marco Antonio",Psicología Laboral,10,5.5,https://www.misprofesores.com/profesores/Gabina-Villagran-Vazquez_75389
"Victor, Eduardo",Psicología / Laboratorios,17,6.1,https://www.misprofesores.com/profesores/Tania-Villanueva-Martinez_105594
"Villagomez, José Luis",Laboral,4,6.3,https://www.misprofesores.com/profesores/Lamberto-Villanueva_19964
"Villagran Vazquez, Gabina",COMPRENSION DE LA REALIDAD SOCIAL,8,3.9,https://www.misprofesores.com/profesores/TANIA-Villanueva_94310
"Villanueva Martínez, Tania",Psicología Social,1,8.0,https://www.misprofesores.com/profesores/Tonatiuh-Villanueva_141091
"Villanueva, Lamberto",Psicología Experimental,86,3.4,https://www.misprofesores.com/profesores/Gabriela-Villarreal-Villafane_83240
"Villanueva, TANIA",Psicología,10,9.5,https://www.misprofesores.com/profesores/jose-francisco-villasana-reyes_158564
"Villanueva, Tonatiuh",Intervención en grupos,5,3.4,https://www.misprofesores.com/profesores/Miguel-Alejandro-Villavicencio-Carranza_84380
"Villarreal Villafañe, Gabriela",Psicología,11,8.5,https://www.misprofesores.com/profesores/erika-villavicencio_35604
"Villavicencio Carranza, Miguel Alejandro",Laboral,19,7.6,https://www.misprofesores.com/profesores/Silvia-Vite-San Pedro_43339
"villavicencio, erika",laboral,71,7.8,https://www.misprofesores.com/profesores/Diana-Vazquez-Cruz_66222
"Villegas Martínez, Flay Antonio",Psicología Contextual,10,7.8,https://www.misprofesores.com/profesores/Ramses-Vazquez-Lira_26690
"Vite San Pedro, Silvia",Psicología Organizacional,9,5.2,https://www.misprofesores.com/profesores/Jaime-Winkler-Pytowski_59293
"Vázquez Cruz, Diana",Suplente de Cecilia Silva,6,3.3,https://www.misprofesores.com/profesores/JAIME-WINKLER-PYTOWSKI_43254
"Vázquez Lira, Ramses",Experimental,15,8.2,https://www.misprofesores.com/profesores/patricia-wonchee_31452
"Winkler Pytowski, Jaime",Psicología Clínica,7,7.1,https://www.misprofesores.com/profesores/Karin-Wriedt-Runne_93026
"WINKLER PYTOWSKI, JAIME",PSICLOGIA CLINICA,7,6.1,https://www.misprofesores.com/profesores/Ulises-Xocolotzin-Eligio_63926
"wonchee, patricia",area educativa?,20,4.1,https://www.misprofesores.com/profesores/Dalila-Yussif-Roffe_43333
"Wriedt Runne, Karin",Contextual,11,7.4,https://www.misprofesores.com/profesores/Antonio-Zainos-Rosales_28123
"Xocolotzin Eligio, Ulises",Psicología de la educación,1,8.0,https://www.misprofesores.com/profesores/Irma-Zaldivar-Martinez_19958
"Yussif Roffe, Dalila",Psicología Clínica,12,5.9,https://www.misprofesores.com/profesores/oscar-Zamora_23774
"Zainos Rosales, Antonio",Psicofisiología,148,9.0,https://www.misprofesores.com/profesores/Tomas-Zaragoza-Resendiz_41198
"Zaldívar Martínez, Irma",Psicofisiología,57,7.1,https://www.misprofesores.com/profesores/Carlos-Zepeda_159949
"Zamora, oscar",experimental,68,6.4,https://www.misprofesores.com/profesores/German-Alvarez-Diaz de Leon_19942
"Zaragoza Reséndiz, Tomás",Psicología Educativa,7,7.3,https://www.misprofesores.com/profesores/Jorge-Alvarez_31616
"Zepeda, Carlos",Clínica,12,8.8,https://www.misprofesores.com/profesores/Jorge-Alvarez_131864
"Álvarez Díaz de León, Germán",Psicología Experimental,83,9.0,https://www.misprofesores.com/profesores/Raul-Avila-Santibanez_19940
"Álvarez, Jorge",Intervención en crisis,26,6.3,
"Ávila Santibáñez, Raúl",Psicología Experimental,73,8.6,
